frame,steering,true_label,predicted_label,true_direction,predicted_direction,correct
frame_043942.jpg,0.23004150390625,1,1,right,right,True
frame_044564.jpg,-0.0753173828125,-1,1,left,right,False
frame_025610.jpg,0.0,0,0,straight,straight,True
frame_041836.jpg,-0.07025146484375,-1,-1,left,left,True
frame_011029.jpg,0.0,0,0,straight,straight,True
frame_007138.jpg,-0.17413330078125,-1,1,left,right,False
frame_034718.jpg,-0.0550537109375,-1,-1,left,left,True
frame_028440.jpg,0.193328857421875,1,1,right,right,True
frame_009197.jpg,-0.0701904296875,-1,1,left,right,False
frame_046145.jpg,-0.03662109375,0,0,straight,straight,True
frame_009717.jpg,0.0,0,0,straight,straight,True
frame_027284.jpg,0.0,0,1,straight,right,False
frame_036060.jpg,-0.06317138671875,-1,-1,left,left,True
frame_022719.jpg,0.0,0,1,straight,right,False
frame_026560.jpg,0.259490966796875,1,1,right,right,True
frame_005279.jpg,0.087982177734375,1,1,right,right,True
frame_041513.jpg,0.0,0,-1,straight,left,False
frame_041497.jpg,-0.02569580078125,0,-1,straight,left,False
frame_045145.jpg,-0.0274658203125,0,0,straight,straight,True
frame_035918.jpg,-0.058990478515625,-1,-1,left,left,True
frame_040576.jpg,-0.073455810546875,-1,-1,left,left,True
frame_014706.jpg,0.08258056640625,1,1,right,right,True
frame_028381.jpg,0.0,0,0,straight,straight,True
frame_013278.jpg,0.0,0,-1,straight,left,False
frame_032861.jpg,-0.02056884765625,0,0,straight,straight,True
frame_021132.jpg,0.0,0,0,straight,straight,True
frame_043494.jpg,0.0,0,0,straight,straight,True
frame_027297.jpg,0.0,0,0,straight,straight,True
frame_007470.jpg,-0.04791259765625,0,-1,straight,left,False
frame_022950.jpg,0.0,0,-1,straight,left,False
frame_039584.jpg,-0.05224609375,-1,-1,left,left,True
frame_038013.jpg,-0.06927490234375,-1,-1,left,left,True
frame_015932.jpg,0.0,0,0,straight,straight,True
frame_034308.jpg,-0.1455078125,-1,-1,left,left,True
frame_025901.jpg,0.0,0,0,straight,straight,True
frame_046033.jpg,0.020538330078125,0,0,straight,straight,True
frame_005695.jpg,0.0,0,0,straight,straight,True
frame_014355.jpg,0.043975830078125,0,1,straight,right,False
frame_021961.jpg,0.0665283203125,1,1,right,right,True
frame_033857.jpg,0.0,0,0,straight,straight,True
frame_036958.jpg,0.0,0,0,straight,straight,True
frame_013003.jpg,0.204345703125,1,1,right,right,True
frame_005418.jpg,0.0689697265625,1,1,right,right,True
frame_004383.jpg,-0.044403076171875,0,1,straight,right,False
frame_019711.jpg,0.0,0,0,straight,straight,True
frame_017786.jpg,0.0,0,0,straight,straight,True
frame_000625.jpg,-0.04541015625,0,0,straight,straight,True
frame_024203.jpg,0.0,0,-1,straight,left,False
frame_038997.jpg,0.0,0,0,straight,straight,True
frame_023823.jpg,0.111968994140625,1,1,right,right,True
frame_040086.jpg,-0.033477783203125,0,0,straight,straight,True
frame_001947.jpg,0.08294677734375,1,1,right,right,True
frame_035400.jpg,-0.084686279296875,-1,-1,left,left,True
frame_017134.jpg,0.053253173828125,1,0,right,straight,False
frame_045292.jpg,-0.049072265625,0,1,straight,right,False
frame_009562.jpg,0.0,0,0,straight,straight,True
frame_034133.jpg,0.036163330078125,0,1,straight,right,False
frame_003373.jpg,0.0,0,0,straight,straight,True
frame_027432.jpg,0.07623291015625,1,1,right,right,True
frame_036302.jpg,0.0,0,0,straight,straight,True
frame_012261.jpg,0.0,0,1,straight,right,False
frame_002287.jpg,0.0,0,1,straight,right,False
frame_047328.jpg,-0.02734375,0,0,straight,straight,True
frame_029091.jpg,0.1959228515625,1,1,right,right,True
frame_019150.jpg,0.033538818359375,0,0,straight,straight,True
frame_030484.jpg,0.0,0,1,straight,right,False
frame_012624.jpg,-0.351837158203125,-1,1,left,right,False
frame_032062.jpg,0.1470947265625,1,1,right,right,True
frame_034667.jpg,-0.04620361328125,0,0,straight,straight,True
frame_009656.jpg,-0.029296875,0,1,straight,right,False
frame_003936.jpg,0.142852783203125,1,1,right,right,True
frame_013807.jpg,0.2271728515625,1,1,right,right,True
frame_020163.jpg,0.07513427734375,1,1,right,right,True
frame_011925.jpg,-0.04315185546875,0,0,straight,straight,True
frame_041581.jpg,0.0,0,0,straight,straight,True
frame_047831.jpg,-0.0419921875,0,-1,straight,left,False
frame_045451.jpg,0.0,0,0,straight,straight,True
frame_037252.jpg,-0.06396484375,-1,-1,left,left,True
frame_004382.jpg,-0.044403076171875,0,1,straight,right,False
frame_013269.jpg,0.0,0,0,straight,straight,True
frame_012505.jpg,0.0,0,-1,straight,left,False
frame_040987.jpg,0.0,0,0,straight,straight,True
frame_025434.jpg,0.05389404296875,1,1,right,right,True
frame_024914.jpg,0.12762451171875,1,-1,right,left,False
frame_016282.jpg,0.144287109375,1,1,right,right,True
frame_033248.jpg,0.089630126953125,1,1,right,right,True
frame_030079.jpg,0.062042236328125,1,1,right,right,True
frame_018384.jpg,0.052276611328125,1,1,right,right,True
frame_024670.jpg,0.263397216796875,1,1,right,right,True
frame_009759.jpg,0.037628173828125,0,0,straight,straight,True
frame_023844.jpg,0.10504150390625,1,1,right,right,True
frame_006624.jpg,0.031768798828125,0,0,straight,straight,True
frame_031166.jpg,0.0,0,-1,straight,left,False
frame_048342.jpg,0.0,0,0,straight,straight,True
frame_019881.jpg,0.0,0,0,straight,straight,True
frame_032343.jpg,0.0,0,0,straight,straight,True
frame_022753.jpg,0.11676025390625,1,1,right,right,True
frame_033277.jpg,0.070648193359375,1,1,right,right,True
frame_017140.jpg,0.053253173828125,1,1,right,right,True
frame_035628.jpg,0.0,0,0,straight,straight,True
frame_040327.jpg,-0.060272216796875,-1,-1,left,left,True
frame_045813.jpg,-0.084686279296875,-1,-1,left,left,True
frame_016433.jpg,0.0,0,1,straight,right,False
frame_040493.jpg,-0.0645751953125,-1,-1,left,left,True
frame_025737.jpg,0.276641845703125,1,1,right,right,True
frame_040772.jpg,0.0,0,0,straight,straight,True
frame_008002.jpg,0.238800048828125,1,1,right,right,True
frame_038638.jpg,0.0,0,-1,straight,left,False
frame_044352.jpg,0.199859619140625,1,1,right,right,True
frame_037743.jpg,0.0,0,-1,straight,left,False
frame_027902.jpg,0.048492431640625,0,1,straight,right,False
frame_047490.jpg,0.0,0,0,straight,straight,True
frame_022014.jpg,0.07135009765625,1,1,right,right,True
frame_027263.jpg,0.0,0,-1,straight,left,False
frame_019567.jpg,0.0,0,0,straight,straight,True
frame_019730.jpg,0.0,0,0,straight,straight,True
frame_042297.jpg,0.020050048828125,0,-1,straight,left,False
frame_006480.jpg,0.03900146484375,0,0,straight,straight,True
frame_021778.jpg,0.0,0,0,straight,straight,True
frame_040892.jpg,-0.035614013671875,0,0,straight,straight,True
frame_012347.jpg,0.0,0,0,straight,straight,True
frame_027676.jpg,0.02215576171875,0,1,straight,right,False
frame_042820.jpg,-0.036376953125,0,-1,straight,left,False
frame_021754.jpg,0.0,0,0,straight,straight,True
frame_027970.jpg,0.27386474609375,1,1,right,right,True
frame_000883.jpg,0.0,0,0,straight,straight,True
frame_024712.jpg,0.197418212890625,1,1,right,right,True
frame_006113.jpg,0.023956298828125,0,0,straight,straight,True
frame_046570.jpg,0.04461669921875,0,1,straight,right,False
frame_011988.jpg,-0.32257080078125,-1,-1,left,left,True
frame_031666.jpg,0.026397705078125,0,0,straight,straight,True
frame_008732.jpg,0.10894775390625,1,1,right,right,True
frame_010401.jpg,0.0,0,1,straight,right,False
frame_011783.jpg,-0.022918701171875,0,0,straight,straight,True
frame_024592.jpg,0.170501708984375,1,1,right,right,True
frame_011198.jpg,0.0,0,0,straight,straight,True
frame_036449.jpg,-0.192596435546875,-1,-1,left,left,True
frame_023741.jpg,0.03997802734375,0,0,straight,straight,True
frame_045501.jpg,0.0,0,0,straight,straight,True
frame_001993.jpg,0.059844970703125,1,1,right,right,True
frame_015155.jpg,0.0,0,0,straight,straight,True
frame_000757.jpg,0.0,0,0,straight,straight,True
frame_001263.jpg,-0.027618408203125,0,0,straight,straight,True
frame_011723.jpg,0.0687255859375,1,1,right,right,True
frame_019897.jpg,0.0,0,0,straight,straight,True
frame_011841.jpg,0.0,0,0,straight,straight,True
frame_009751.jpg,0.028839111328125,0,-1,straight,left,False
frame_039631.jpg,-0.061126708984375,-1,-1,left,left,True
frame_038671.jpg,0.0,0,0,straight,straight,True
frame_006170.jpg,0.0,0,0,straight,straight,True
frame_013854.jpg,0.25323486328125,1,1,right,right,True
frame_012097.jpg,-0.075836181640625,-1,-1,left,left,True
frame_016042.jpg,0.0,0,0,straight,straight,True
frame_016599.jpg,0.1124267578125,1,1,right,right,True
frame_022783.jpg,0.142547607421875,1,0,right,straight,False
frame_011634.jpg,-0.54510498046875,-1,-1,left,left,True
frame_007691.jpg,0.0,0,0,straight,straight,True
frame_016993.jpg,-0.0281982421875,0,0,straight,straight,True
frame_035365.jpg,-0.074920654296875,-1,-1,left,left,True
frame_004526.jpg,-0.04132080078125,0,-1,straight,left,False
frame_018483.jpg,-0.031494140625,0,0,straight,straight,True
frame_037849.jpg,0.0,0,-1,straight,left,False
frame_008750.jpg,0.180389404296875,1,-1,right,left,False
frame_008285.jpg,0.04949951171875,0,0,straight,straight,True
frame_005097.jpg,0.063995361328125,1,-1,right,left,False
frame_034681.jpg,-0.04620361328125,0,0,straight,straight,True
frame_002761.jpg,-0.047576904296875,0,0,straight,straight,True
frame_013739.jpg,0.162933349609375,1,1,right,right,True
frame_022478.jpg,0.0,0,0,straight,straight,True
frame_041148.jpg,-0.035675048828125,0,0,straight,straight,True
frame_042484.jpg,-0.042083740234375,0,-1,straight,left,False
frame_006165.jpg,0.0,0,0,straight,straight,True
frame_027216.jpg,0.0,0,0,straight,straight,True
frame_017249.jpg,0.071624755859375,1,1,right,right,True
frame_034511.jpg,0.0,0,-1,straight,left,False
frame_010343.jpg,0.032379150390625,0,0,straight,straight,True
frame_002016.jpg,0.06268310546875,1,1,right,right,True
frame_042508.jpg,-0.06695556640625,-1,-1,left,left,True
frame_006487.jpg,0.0311279296875,0,0,straight,straight,True
frame_016146.jpg,0.25762939453125,1,1,right,right,True
frame_047102.jpg,-0.108123779296875,-1,0,left,straight,False
frame_037476.jpg,0.0,0,1,straight,right,False
frame_013182.jpg,0.119354248046875,1,1,right,right,True
frame_008889.jpg,0.161102294921875,1,1,right,right,True
frame_013017.jpg,0.2611083984375,1,1,right,right,True
frame_015532.jpg,0.105865478515625,1,1,right,right,True
frame_001490.jpg,0.0,0,0,straight,straight,True
frame_034627.jpg,0.0,0,0,straight,straight,True
frame_040919.jpg,0.023956298828125,0,-1,straight,left,False
frame_027348.jpg,0.040069580078125,0,0,straight,straight,True
frame_019107.jpg,0.0,0,0,straight,straight,True
frame_001520.jpg,-0.0423583984375,0,0,straight,straight,True
frame_041402.jpg,-0.0255126953125,0,0,straight,straight,True
frame_033290.jpg,0.08612060546875,1,1,right,right,True
frame_034779.jpg,-0.083953857421875,-1,-1,left,left,True
frame_037672.jpg,0.0,0,-1,straight,left,False
frame_021439.jpg,0.0,0,0,straight,straight,True
frame_013131.jpg,0.231475830078125,1,1,right,right,True
frame_017814.jpg,0.022674560546875,0,1,straight,right,False
frame_016755.jpg,0.048614501953125,0,0,straight,straight,True
frame_044184.jpg,0.0,0,0,straight,straight,True
frame_047799.jpg,-0.0517578125,-1,0,left,straight,False
frame_046978.jpg,-0.096649169921875,-1,-1,left,left,True
frame_028606.jpg,0.0,0,1,straight,right,False
frame_009718.jpg,0.0,0,0,straight,straight,True
frame_031515.jpg,0.0,0,0,straight,straight,True
frame_020346.jpg,0.10699462890625,1,1,right,right,True
frame_038136.jpg,-0.070404052734375,-1,-1,left,left,True
frame_031869.jpg,0.0694580078125,1,1,right,right,True
frame_006345.jpg,0.0,0,0,straight,straight,True
frame_010552.jpg,0.338836669921875,1,1,right,right,True
frame_040358.jpg,-0.072967529296875,-1,-1,left,left,True
frame_000126.jpg,0.034515380859375,0,0,straight,straight,True
frame_022503.jpg,0.041534423828125,0,0,straight,straight,True
frame_043191.jpg,-0.0498046875,0,1,straight,right,False
frame_024414.jpg,-0.068359375,-1,-1,left,left,True
frame_019834.jpg,0.0,0,0,straight,straight,True
frame_020823.jpg,0.036163330078125,0,1,straight,right,False
frame_000119.jpg,0.034515380859375,0,0,straight,straight,True
frame_015529.jpg,0.0970458984375,1,1,right,right,True
frame_004760.jpg,0.0,0,0,straight,straight,True
frame_000596.jpg,-0.04736328125,0,0,straight,straight,True
frame_037098.jpg,-0.022247314453125,0,0,straight,straight,True
frame_032736.jpg,0.146575927734375,1,0,right,straight,False
frame_038012.jpg,-0.06927490234375,-1,-1,left,left,True
frame_045358.jpg,-0.07757568359375,-1,-1,left,left,True
frame_036465.jpg,-0.173309326171875,-1,-1,left,left,True
frame_038458.jpg,-0.1793212890625,-1,-1,left,left,True
frame_045244.jpg,-0.044921875,0,-1,straight,left,False
frame_031454.jpg,0.0,0,0,straight,straight,True
frame_031274.jpg,0.24627685546875,1,1,right,right,True
frame_017867.jpg,0.182708740234375,1,1,right,right,True
frame_035234.jpg,0.0,0,0,straight,straight,True
frame_002967.jpg,-0.06298828125,-1,-1,left,left,True
frame_005164.jpg,0.0,0,1,straight,right,False
frame_047538.jpg,0.0,0,0,straight,straight,True
frame_003062.jpg,0.0,0,-1,straight,left,False
frame_036175.jpg,-0.2874755859375,-1,-1,left,left,True
frame_010577.jpg,-0.065948486328125,-1,1,left,right,False
frame_012355.jpg,0.0,0,0,straight,straight,True
frame_011065.jpg,0.0,0,0,straight,straight,True
frame_002435.jpg,0.0,0,0,straight,straight,True
frame_029805.jpg,0.0,0,-1,straight,left,False
frame_000901.jpg,0.0,0,0,straight,straight,True
frame_017112.jpg,0.053253173828125,1,1,right,right,True
frame_009149.jpg,-0.031097412109375,0,0,straight,straight,True
frame_040757.jpg,0.0,0,1,straight,right,False
frame_045538.jpg,0.0,0,0,straight,straight,True
frame_033819.jpg,-0.045867919921875,0,0,straight,straight,True
frame_020189.jpg,0.051177978515625,1,1,right,right,True
frame_000695.jpg,0.040069580078125,0,0,straight,straight,True
frame_011390.jpg,0.147735595703125,1,1,right,right,True
frame_029233.jpg,0.0,0,0,straight,straight,True
frame_019097.jpg,0.0220947265625,0,1,straight,right,False
frame_031580.jpg,0.0,0,0,straight,straight,True
frame_041917.jpg,-0.0616455078125,-1,-1,left,left,True
frame_013899.jpg,0.064483642578125,1,1,right,right,True
frame_019213.jpg,0.0,0,0,straight,straight,True
frame_022149.jpg,0.055328369140625,1,1,right,right,True
frame_026126.jpg,0.0,0,-1,straight,left,False
frame_038670.jpg,0.0,0,0,straight,straight,True
frame_006148.jpg,0.046417236328125,0,0,straight,straight,True
frame_027153.jpg,0.080596923828125,1,1,right,right,True
frame_044777.jpg,0.0,0,0,straight,straight,True
frame_003529.jpg,0.0379638671875,0,0,straight,straight,True
frame_017451.jpg,0.0,0,0,straight,straight,True
frame_014145.jpg,0.0,0,0,straight,straight,True
frame_043790.jpg,0.1195068359375,1,1,right,right,True
frame_016014.jpg,0.0,0,0,straight,straight,True
frame_031142.jpg,0.04412841796875,0,-1,straight,left,False
frame_009739.jpg,0.0,0,-1,straight,left,False
frame_009418.jpg,-0.071075439453125,-1,0,left,straight,False
frame_017274.jpg,0.133148193359375,1,1,right,right,True
frame_018611.jpg,-0.0380859375,0,0,straight,straight,True
frame_027924.jpg,0.171630859375,1,1,right,right,True
frame_030405.jpg,0.0,0,-1,straight,left,False
frame_020897.jpg,0.0,0,0,straight,straight,True
frame_003177.jpg,0.036163330078125,0,-1,straight,left,False
frame_010340.jpg,0.03839111328125,0,-1,straight,left,False
frame_035721.jpg,0.0,0,0,straight,straight,True
frame_037236.jpg,-0.0745849609375,-1,-1,left,left,True
frame_004136.jpg,0.02667236328125,0,1,straight,right,False
frame_047160.jpg,0.0,0,0,straight,straight,True
frame_045896.jpg,-0.056610107421875,-1,-1,left,left,True
frame_012888.jpg,-0.3170166015625,-1,-1,left,left,True
frame_027754.jpg,0.18829345703125,1,-1,right,left,False
frame_004710.jpg,-0.040374755859375,0,0,straight,straight,True
frame_040945.jpg,0.052276611328125,1,1,right,right,True
frame_006876.jpg,0.0,0,0,straight,straight,True
frame_007283.jpg,-0.038787841796875,0,0,straight,straight,True
frame_047099.jpg,-0.113983154296875,-1,-1,left,left,True
frame_027421.jpg,0.0455322265625,0,1,straight,right,False
frame_024900.jpg,0.21368408203125,1,1,right,right,True
frame_041971.jpg,-0.032684326171875,0,0,straight,straight,True
frame_013883.jpg,0.128387451171875,1,1,right,right,True
frame_018488.jpg,-0.036376953125,0,0,straight,straight,True
frame_015318.jpg,0.03326416015625,0,0,straight,straight,True
frame_020718.jpg,0.0,0,0,straight,straight,True
frame_044969.jpg,-0.188446044921875,-1,-1,left,left,True
frame_019818.jpg,0.0,0,0,straight,straight,True
frame_028366.jpg,0.033050537109375,0,0,straight,straight,True
frame_015022.jpg,0.2080078125,1,0,right,straight,False
frame_033455.jpg,0.200225830078125,1,1,right,right,True
frame_011558.jpg,-0.348663330078125,-1,-1,left,left,True
frame_029924.jpg,0.032257080078125,0,0,straight,straight,True
frame_012091.jpg,-0.0986328125,-1,-1,left,left,True
frame_025519.jpg,0.11431884765625,1,1,right,right,True
frame_038362.jpg,0.0,0,0,straight,straight,True
frame_034534.jpg,-0.06170654296875,-1,-1,left,left,True
frame_016721.jpg,0.04473876953125,0,1,straight,right,False
frame_015452.jpg,0.095733642578125,1,1,right,right,True
frame_014102.jpg,0.0,0,-1,straight,left,False
frame_034272.jpg,-0.187408447265625,-1,-1,left,left,True
frame_011487.jpg,0.098602294921875,1,1,right,right,True
frame_008332.jpg,0.03680419921875,0,0,straight,straight,True
frame_017761.jpg,0.0,0,0,straight,straight,True
frame_016286.jpg,0.125152587890625,1,1,right,right,True
frame_000142.jpg,0.031585693359375,0,0,straight,straight,True
frame_004579.jpg,0.0,0,0,straight,straight,True
frame_015153.jpg,0.0,0,0,straight,straight,True
frame_040432.jpg,-0.0498046875,0,-1,straight,left,False
frame_019569.jpg,0.0,0,0,straight,straight,True
frame_025998.jpg,-0.0252685546875,0,0,straight,straight,True
frame_037814.jpg,0.0,0,-1,straight,left,False
frame_002404.jpg,0.032928466796875,0,0,straight,straight,True
frame_033840.jpg,0.0,0,0,straight,straight,True
frame_010839.jpg,0.0,0,-1,straight,left,False
frame_043939.jpg,0.222015380859375,1,1,right,right,True
frame_002099.jpg,0.08404541015625,1,1,right,right,True
frame_012270.jpg,0.0,0,0,straight,straight,True
frame_017449.jpg,0.0,0,0,straight,straight,True
frame_027613.jpg,0.0,0,0,straight,straight,True
frame_013440.jpg,0.0,0,-1,straight,left,False
frame_007451.jpg,0.0,0,-1,straight,left,False
frame_046630.jpg,-0.046478271484375,0,-1,straight,left,False
frame_020087.jpg,0.029083251953125,0,0,straight,straight,True
frame_008194.jpg,0.08404541015625,1,1,right,right,True
frame_045066.jpg,0.0,0,0,straight,straight,True
frame_026469.jpg,0.0,0,0,straight,straight,True
frame_042196.jpg,0.0,0,-1,straight,left,False
frame_024066.jpg,0.270660400390625,1,1,right,right,True
frame_005943.jpg,0.147247314453125,1,0,right,straight,False
frame_000494.jpg,0.043975830078125,0,0,straight,straight,True
frame_032046.jpg,0.17181396484375,1,1,right,right,True
frame_024087.jpg,0.234710693359375,1,1,right,right,True
frame_010458.jpg,0.0,0,-1,straight,left,False
frame_045166.jpg,-0.0653076171875,-1,-1,left,left,True
frame_005524.jpg,0.10406494140625,1,1,right,right,True
frame_007141.jpg,-0.17413330078125,-1,1,left,right,False
frame_039909.jpg,0.0,0,0,straight,straight,True
frame_010546.jpg,0.382049560546875,1,1,right,right,True
frame_035411.jpg,-0.086700439453125,-1,-1,left,left,True
frame_021979.jpg,0.0665283203125,1,1,right,right,True
frame_043090.jpg,0.0,0,0,straight,straight,True
frame_044873.jpg,0.0,0,1,straight,right,False
frame_020458.jpg,0.06402587890625,1,0,right,straight,False
frame_031662.jpg,0.021514892578125,0,1,straight,right,False
frame_037534.jpg,0.059661865234375,1,-1,right,left,False
frame_018224.jpg,0.0,0,1,straight,right,False
frame_007940.jpg,0.238922119140625,1,1,right,right,True
frame_043040.jpg,0.031341552734375,0,0,straight,straight,True
frame_013936.jpg,0.0,0,0,straight,straight,True
frame_009090.jpg,0.0635986328125,1,-1,right,left,False
frame_013802.jpg,0.2222900390625,1,-1,right,left,False
frame_020857.jpg,0.028289794921875,0,0,straight,straight,True
frame_005106.jpg,0.063995361328125,1,1,right,right,True
frame_038123.jpg,-0.065521240234375,-1,-1,left,left,True
frame_008969.jpg,0.10064697265625,1,1,right,right,True
frame_044454.jpg,0.134185791015625,1,0,right,straight,False
frame_034562.jpg,-0.066802978515625,-1,0,left,straight,False
frame_014578.jpg,-0.09686279296875,-1,-1,left,left,True
frame_033508.jpg,0.162322998046875,1,1,right,right,True
frame_045530.jpg,0.0,0,0,straight,straight,True
frame_000871.jpg,0.0,0,0,straight,straight,True
frame_003481.jpg,0.0408935546875,0,0,straight,straight,True
frame_033058.jpg,-0.021392822265625,0,0,straight,straight,True
frame_007237.jpg,-0.16259765625,-1,-1,left,left,True
frame_004907.jpg,0.0,0,0,straight,straight,True
frame_015205.jpg,0.031768798828125,0,0,straight,straight,True
frame_001702.jpg,-0.0299072265625,0,0,straight,straight,True
frame_002134.jpg,0.05914306640625,1,1,right,right,True
frame_001228.jpg,0.0,0,0,straight,straight,True
frame_005082.jpg,0.063995361328125,1,1,right,right,True
frame_039695.jpg,-0.069915771484375,-1,-1,left,left,True
frame_019984.jpg,-0.04150390625,0,0,straight,straight,True
frame_002498.jpg,0.053253173828125,1,1,right,right,True
frame_027029.jpg,0.1361083984375,1,1,right,right,True
frame_024286.jpg,0.0321044921875,0,1,straight,right,False
frame_019205.jpg,0.0,0,0,straight,straight,True
frame_038285.jpg,0.0,0,0,straight,straight,True
frame_030755.jpg,0.222076416015625,1,1,right,right,True
frame_013528.jpg,0.0,0,0,straight,straight,True
frame_042237.jpg,0.0,0,0,straight,straight,True
frame_034105.jpg,0.0,0,-1,straight,left,False
frame_006568.jpg,-0.03741455078125,0,0,straight,straight,True
frame_034169.jpg,0.039642333984375,0,-1,straight,left,False
frame_019081.jpg,0.04583740234375,0,0,straight,straight,True
frame_012375.jpg,0.0,0,-1,straight,left,False
frame_007773.jpg,0.0,0,0,straight,straight,True
frame_037498.jpg,0.0,0,-1,straight,left,False
frame_008161.jpg,0.08306884765625,1,1,right,right,True
frame_022432.jpg,0.042999267578125,0,0,straight,straight,True
frame_044602.jpg,-0.1048583984375,-1,-1,left,left,True
frame_022351.jpg,0.064666748046875,1,1,right,right,True
frame_030795.jpg,0.2608642578125,1,0,right,straight,False
frame_033742.jpg,0.0,0,1,straight,right,False
frame_039875.jpg,-0.0206298828125,0,1,straight,right,False
frame_040578.jpg,-0.073455810546875,-1,-1,left,left,True
frame_000388.jpg,-0.04864501953125,0,0,straight,straight,True
frame_013545.jpg,0.0,0,1,straight,right,False
frame_010264.jpg,0.063018798828125,1,1,right,right,True
frame_005738.jpg,0.101806640625,1,1,right,right,True
frame_030078.jpg,0.062042236328125,1,1,right,right,True
frame_002396.jpg,0.0479736328125,0,0,straight,straight,True
frame_022538.jpg,0.03045654296875,0,0,straight,straight,True
frame_016445.jpg,0.0,0,0,straight,straight,True
frame_038994.jpg,0.0,0,0,straight,straight,True
frame_038755.jpg,0.0,0,0,straight,straight,True
frame_009215.jpg,-0.110107421875,-1,0,left,straight,False
frame_035440.jpg,-0.06243896484375,-1,-1,left,left,True
frame_041041.jpg,-0.03350830078125,0,0,straight,straight,True
frame_025492.jpg,0.11334228515625,1,1,right,right,True
frame_018256.jpg,0.0,0,-1,straight,left,False
frame_022006.jpg,0.07135009765625,1,1,right,right,True
frame_000422.jpg,-0.02410888671875,0,0,straight,straight,True
frame_031286.jpg,0.303680419921875,1,1,right,right,True
frame_008988.jpg,0.085784912109375,1,0,right,straight,False
frame_038147.jpg,-0.070404052734375,-1,0,left,straight,False
frame_032932.jpg,-0.026580810546875,0,1,straight,right,False
frame_047588.jpg,0.0,0,1,straight,right,False
frame_030120.jpg,0.063018798828125,1,1,right,right,True
frame_016722.jpg,0.047698974609375,0,1,straight,right,False
frame_007989.jpg,0.2437744140625,1,1,right,right,True
frame_027558.jpg,0.0,0,0,straight,straight,True
frame_028409.jpg,0.0,0,0,straight,straight,True
frame_015700.jpg,0.159698486328125,1,1,right,right,True
frame_029660.jpg,0.0,0,0,straight,straight,True
frame_021646.jpg,0.0,0,0,straight,straight,True
frame_024795.jpg,-0.141021728515625,-1,-1,left,left,True
frame_020618.jpg,0.0,0,0,straight,straight,True
frame_047008.jpg,-0.19024658203125,-1,-1,left,left,True
frame_000461.jpg,0.0,0,1,straight,right,False
frame_011139.jpg,0.0,0,-1,straight,left,False
frame_014094.jpg,0.0,0,0,straight,straight,True
frame_041377.jpg,0.0,0,-1,straight,left,False
frame_029356.jpg,0.0,0,1,straight,right,False
frame_046948.jpg,-0.030517578125,0,1,straight,right,False
frame_010832.jpg,-0.0494384765625,0,-1,straight,left,False
frame_035143.jpg,0.0,0,0,straight,straight,True
frame_003013.jpg,0.0,0,0,straight,straight,True
frame_015559.jpg,0.139892578125,1,1,right,right,True
frame_005861.jpg,0.174713134765625,1,1,right,right,True
frame_029853.jpg,-0.031219482421875,0,1,straight,right,False
frame_003795.jpg,0.0,0,1,straight,right,False
frame_039573.jpg,-0.05224609375,-1,-1,left,left,True
frame_046514.jpg,-0.042205810546875,0,1,straight,right,False
frame_025445.jpg,0.0567626953125,1,1,right,right,True
frame_028332.jpg,0.043975830078125,0,0,straight,straight,True
frame_033504.jpg,0.162322998046875,1,1,right,right,True
frame_041147.jpg,-0.03466796875,0,-1,straight,left,False
frame_022827.jpg,0.0,0,-1,straight,left,False
frame_023538.jpg,0.0,0,1,straight,right,False
frame_030020.jpg,0.0,0,-1,straight,left,False
frame_018121.jpg,0.0,0,0,straight,straight,True
frame_004762.jpg,0.0,0,0,straight,straight,True
frame_020890.jpg,0.0,0,1,straight,right,False
frame_015796.jpg,0.0,0,0,straight,straight,True
frame_027795.jpg,0.17333984375,1,1,right,right,True
frame_023015.jpg,0.0,0,0,straight,straight,True
frame_039270.jpg,-0.171356201171875,-1,-1,left,left,True
frame_000405.jpg,-0.04864501953125,0,0,straight,straight,True
frame_021504.jpg,0.0,0,0,straight,straight,True
frame_044213.jpg,0.0,0,-1,straight,left,False
frame_005906.jpg,0.114471435546875,1,1,right,right,True
frame_038209.jpg,0.0,0,0,straight,straight,True
frame_037459.jpg,0.0,0,0,straight,straight,True
frame_044267.jpg,0.0,0,0,straight,straight,True
frame_013815.jpg,0.2369384765625,1,1,right,right,True
frame_011501.jpg,0.096649169921875,1,1,right,right,True
frame_039150.jpg,0.0,0,0,straight,straight,True
frame_024539.jpg,0.11102294921875,1,0,right,straight,False
frame_002456.jpg,0.0,0,0,straight,straight,True
frame_013323.jpg,0.0,0,0,straight,straight,True
frame_034212.jpg,-0.149810791015625,-1,-1,left,left,True
frame_015494.jpg,-0.03125,0,-1,straight,left,False
frame_011158.jpg,0.0,0,0,straight,straight,True
frame_042132.jpg,0.0,0,0,straight,straight,True
frame_045247.jpg,-0.048919677734375,0,0,straight,straight,True
frame_015349.jpg,0.0,0,0,straight,straight,True
frame_047743.jpg,-0.081817626953125,-1,1,left,right,False
frame_045532.jpg,0.0,0,0,straight,straight,True
frame_038024.jpg,-0.076141357421875,-1,-1,left,left,True
frame_001812.jpg,0.048858642578125,0,0,straight,straight,True
frame_028568.jpg,0.0,0,0,straight,straight,True
frame_018396.jpg,0.052276611328125,1,1,right,right,True
frame_019726.jpg,0.0,0,0,straight,straight,True
frame_046536.jpg,-0.04339599609375,0,0,straight,straight,True
frame_006620.jpg,0.026885986328125,0,1,straight,right,False
frame_015070.jpg,0.139404296875,1,1,right,right,True
frame_021815.jpg,0.0,0,0,straight,straight,True
frame_013217.jpg,0.073883056640625,1,-1,right,left,False
frame_019949.jpg,0.0,0,0,straight,straight,True
frame_027802.jpg,0.17620849609375,1,1,right,right,True
frame_006683.jpg,0.0,0,0,straight,straight,True
frame_025014.jpg,0.2392578125,1,-1,right,left,False
frame_010688.jpg,-0.568267822265625,-1,-1,left,left,True
frame_035316.jpg,-0.066009521484375,-1,-1,left,left,True
frame_031717.jpg,0.07025146484375,1,1,right,right,True
frame_044983.jpg,-0.18359375,-1,-1,left,left,True
frame_019000.jpg,0.04534912109375,0,1,straight,right,False
frame_015266.jpg,-0.0279541015625,0,0,straight,straight,True
frame_016708.jpg,0.0,0,0,straight,straight,True
frame_019425.jpg,0.0,0,1,straight,right,False
frame_021775.jpg,0.0,0,0,straight,straight,True
frame_024762.jpg,0.0,0,0,straight,straight,True
frame_030186.jpg,0.09478759765625,1,1,right,right,True
frame_018466.jpg,0.0,0,0,straight,straight,True
frame_029120.jpg,0.2301025390625,1,1,right,right,True
frame_000078.jpg,0.048187255859375,0,0,straight,straight,True
frame_021170.jpg,0.0,0,0,straight,straight,True
frame_011052.jpg,0.0,0,0,straight,straight,True
frame_014209.jpg,0.033233642578125,0,0,straight,straight,True
frame_025880.jpg,0.0,0,0,straight,straight,True
frame_032443.jpg,0.060333251953125,1,0,right,straight,False
frame_010167.jpg,-0.041290283203125,0,1,straight,right,False
frame_039617.jpg,-0.060150146484375,-1,-1,left,left,True
frame_036527.jpg,-0.0740966796875,-1,-1,left,left,True
frame_003242.jpg,-0.0447998046875,0,-1,straight,left,False
frame_029002.jpg,0.0,0,0,straight,straight,True
frame_033684.jpg,0.0,0,0,straight,straight,True
frame_030474.jpg,0.0,0,0,straight,straight,True
frame_030063.jpg,0.058135986328125,1,1,right,right,True
frame_044398.jpg,0.2301025390625,1,1,right,right,True
frame_034232.jpg,-0.200225830078125,-1,-1,left,left,True
frame_023722.jpg,0.08782958984375,1,0,right,straight,False
frame_035338.jpg,-0.070953369140625,-1,-1,left,left,True
frame_004087.jpg,0.0,0,-1,straight,left,False
frame_024266.jpg,-0.0521240234375,-1,-1,left,left,True
frame_016656.jpg,0.0,0,-1,straight,left,False
frame_034546.jpg,-0.072662353515625,-1,-1,left,left,True
frame_025148.jpg,0.222381591796875,1,0,right,straight,False
frame_005320.jpg,0.09478759765625,1,1,right,right,True
frame_000386.jpg,-0.04864501953125,0,0,straight,straight,True
frame_009758.jpg,0.036651611328125,0,-1,straight,left,False
frame_001670.jpg,-0.02301025390625,0,0,straight,straight,True
frame_020365.jpg,0.12457275390625,1,1,right,right,True
frame_014630.jpg,-0.073699951171875,-1,0,left,straight,False
frame_042641.jpg,0.0,0,-1,straight,left,False
frame_046113.jpg,0.0,0,0,straight,straight,True
frame_022215.jpg,0.14031982421875,1,1,right,right,True
frame_012689.jpg,-0.363739013671875,-1,-1,left,left,True
frame_041309.jpg,-0.0537109375,-1,-1,left,left,True
frame_028126.jpg,-0.038726806640625,0,0,straight,straight,True
frame_033569.jpg,0.045379638671875,0,0,straight,straight,True
frame_040021.jpg,0.0,0,0,straight,straight,True
frame_041218.jpg,-0.063140869140625,-1,-1,left,left,True
frame_019347.jpg,0.0,0,1,straight,right,False
frame_013040.jpg,0.3162841796875,1,1,right,right,True
frame_028230.jpg,-0.0423583984375,0,-1,straight,left,False
frame_026473.jpg,0.0,0,0,straight,straight,True
frame_035788.jpg,-0.147796630859375,-1,-1,left,left,True
frame_036217.jpg,-0.078216552734375,-1,-1,left,left,True
frame_020545.jpg,0.036376953125,0,-1,straight,left,False
frame_035111.jpg,0.0,0,0,straight,straight,True
frame_008122.jpg,0.062652587890625,1,1,right,right,True
frame_012695.jpg,-0.342864990234375,-1,0,left,straight,False
frame_010831.jpg,-0.055511474609375,-1,-1,left,left,True
frame_040255.jpg,0.04681396484375,0,-1,straight,left,False
frame_015637.jpg,0.022491455078125,0,1,straight,right,False
frame_023295.jpg,0.0,0,0,straight,straight,True
frame_018654.jpg,0.0,0,0,straight,straight,True
frame_030781.jpg,0.2598876953125,1,1,right,right,True
frame_011659.jpg,-0.28509521484375,-1,1,left,right,False
frame_014803.jpg,0.0,0,0,straight,straight,True
frame_031268.jpg,0.20843505859375,1,1,right,right,True
frame_044438.jpg,0.2081298828125,1,1,right,right,True
frame_019838.jpg,0.0,0,0,straight,straight,True
frame_022316.jpg,0.092559814453125,1,1,right,right,True
frame_024285.jpg,0.0260009765625,0,1,straight,right,False
frame_039854.jpg,0.0,0,1,straight,right,False
frame_004356.jpg,-0.044403076171875,0,1,straight,right,False
frame_002965.jpg,-0.06494140625,-1,-1,left,left,True
frame_021755.jpg,0.0,0,0,straight,straight,True
frame_003900.jpg,0.131256103515625,1,1,right,right,True
frame_045180.jpg,-0.0633544921875,-1,-1,left,left,True
frame_029561.jpg,0.0865478515625,1,1,right,right,True
frame_022506.jpg,0.045440673828125,0,0,straight,straight,True
frame_033571.jpg,0.0380859375,0,0,straight,straight,True
frame_027981.jpg,0.2777099609375,1,1,right,right,True
frame_009212.jpg,-0.105194091796875,-1,-1,left,left,True
frame_010206.jpg,-0.061187744140625,-1,0,left,straight,False
frame_030184.jpg,0.09478759765625,1,1,right,right,True
frame_005911.jpg,0.114471435546875,1,1,right,right,True
frame_035753.jpg,-0.02703857421875,0,0,straight,straight,True
frame_027770.jpg,0.17828369140625,1,1,right,right,True
frame_016007.jpg,0.0,0,0,straight,straight,True
frame_041786.jpg,-0.077880859375,-1,-1,left,left,True
frame_016786.jpg,-0.02459716796875,0,0,straight,straight,True
frame_031856.jpg,0.083282470703125,1,1,right,right,True
frame_036238.jpg,0.0,0,0,straight,straight,True
frame_037857.jpg,0.0,0,1,straight,right,False
frame_044941.jpg,-0.222686767578125,-1,-1,left,left,True
frame_045556.jpg,0.0,0,0,straight,straight,True
frame_036749.jpg,-0.17041015625,-1,-1,left,left,True
frame_032567.jpg,0.0,0,0,straight,straight,True
frame_048351.jpg,0.0,0,0,straight,straight,True
frame_011499.jpg,0.096649169921875,1,1,right,right,True
frame_025993.jpg,-0.0252685546875,0,0,straight,straight,True
frame_020295.jpg,0.05767822265625,1,1,right,right,True
frame_002362.jpg,0.096649169921875,1,1,right,right,True
frame_008320.jpg,0.03680419921875,0,0,straight,straight,True
frame_034455.jpg,0.0,0,0,straight,straight,True
frame_005352.jpg,0.09478759765625,1,1,right,right,True
frame_016420.jpg,-0.027008056640625,0,0,straight,straight,True
frame_034550.jpg,-0.072662353515625,-1,-1,left,left,True
frame_006907.jpg,0.0,0,0,straight,straight,True
frame_034183.jpg,-0.036407470703125,0,1,straight,right,False
frame_048294.jpg,0.0,0,0,straight,straight,True
frame_036578.jpg,0.03448486328125,0,-1,straight,left,False
frame_003153.jpg,0.035186767578125,0,-1,straight,left,False
frame_040970.jpg,0.0,0,0,straight,straight,True
frame_022326.jpg,0.095428466796875,1,1,right,right,True
frame_039835.jpg,0.0,0,1,straight,right,False
frame_002641.jpg,-0.036834716796875,0,0,straight,straight,True
frame_047869.jpg,-0.06573486328125,-1,-1,left,left,True
frame_032864.jpg,0.0,0,-1,straight,left,False
frame_021816.jpg,0.0,0,0,straight,straight,True
frame_017607.jpg,0.0,0,0,straight,straight,True
frame_011180.jpg,0.0,0,0,straight,straight,True
frame_038144.jpg,-0.070404052734375,-1,-1,left,left,True
frame_019334.jpg,0.0,0,0,straight,straight,True
frame_047122.jpg,-0.063629150390625,-1,0,left,straight,False
frame_029851.jpg,-0.0341796875,0,1,straight,right,False
frame_025950.jpg,0.0,0,-1,straight,left,False
frame_047786.jpg,-0.060546875,-1,-1,left,left,True
frame_010172.jpg,-0.0543212890625,-1,-1,left,left,True
frame_017404.jpg,0.0,0,1,straight,right,False
frame_013000.jpg,0.190277099609375,1,1,right,right,True
frame_046253.jpg,-0.173065185546875,-1,-1,left,left,True
frame_029837.jpg,-0.034149169921875,0,0,straight,straight,True
frame_020043.jpg,-0.02978515625,0,1,straight,right,False
frame_005003.jpg,0.056243896484375,1,1,right,right,True
frame_036375.jpg,-0.160614013671875,-1,-1,left,left,True
frame_013406.jpg,0.0,0,-1,straight,left,False
frame_041317.jpg,-0.046875,0,-1,straight,left,False
frame_019082.jpg,0.04486083984375,0,1,straight,right,False
frame_017554.jpg,0.0,0,0,straight,straight,True
frame_019600.jpg,0.0,0,-1,straight,left,False
frame_001442.jpg,0.0,0,0,straight,straight,True
frame_015577.jpg,0.18096923828125,1,1,right,right,True
frame_012638.jpg,-0.379150390625,-1,-1,left,left,True
frame_020298.jpg,0.05767822265625,1,1,right,right,True
frame_016349.jpg,0.0,0,1,straight,right,False
frame_046012.jpg,0.0,0,0,straight,straight,True
frame_046735.jpg,0.0,0,1,straight,right,False
frame_027065.jpg,0.08746337890625,1,1,right,right,True
frame_048116.jpg,-0.259796142578125,-1,-1,left,left,True
frame_001787.jpg,0.0,0,0,straight,straight,True
frame_037830.jpg,0.0,0,-1,straight,left,False
frame_000938.jpg,0.0,0,0,straight,straight,True
frame_009622.jpg,-0.054351806640625,-1,-1,left,left,True
frame_043584.jpg,0.0,0,1,straight,right,False
frame_025668.jpg,0.09539794921875,1,1,right,right,True
frame_015249.jpg,0.0,0,0,straight,straight,True
frame_041263.jpg,-0.0703125,-1,-1,left,left,True
frame_032916.jpg,0.0,0,-1,straight,left,False
frame_034855.jpg,-0.0498046875,0,-1,straight,left,False
frame_041913.jpg,-0.0596923828125,-1,-1,left,left,True
frame_043836.jpg,-0.039642333984375,0,0,straight,straight,True
frame_013057.jpg,0.333770751953125,1,1,right,right,True
frame_021161.jpg,0.0,0,0,straight,straight,True
frame_047641.jpg,0.0,0,0,straight,straight,True
frame_033492.jpg,0.17022705078125,1,1,right,right,True
frame_017999.jpg,0.2110595703125,1,1,right,right,True
frame_028859.jpg,0.0,0,0,straight,straight,True
frame_020177.jpg,0.05316162109375,1,1,right,right,True
frame_002760.jpg,-0.047576904296875,0,-1,straight,left,False
frame_047813.jpg,-0.0458984375,0,0,straight,straight,True
frame_025260.jpg,0.02716064453125,0,0,straight,straight,True
frame_042098.jpg,0.0,0,0,straight,straight,True
frame_044370.jpg,0.2203369140625,1,-1,right,left,False
frame_034852.jpg,-0.0498046875,0,-1,straight,left,False
frame_008908.jpg,0.156219482421875,1,1,right,right,True
frame_032627.jpg,0.034332275390625,0,0,straight,straight,True
frame_005286.jpg,0.09283447265625,1,1,right,right,True
frame_007040.jpg,-0.111846923828125,-1,1,left,right,False
frame_014970.jpg,0.2208251953125,1,1,right,right,True
frame_022775.jpg,0.149566650390625,1,1,right,right,True
frame_038510.jpg,-0.1793212890625,-1,-1,left,left,True
frame_030294.jpg,0.0,0,1,straight,right,False
frame_039469.jpg,-0.073089599609375,-1,-1,left,left,True
frame_010473.jpg,0.0,0,-1,straight,left,False
frame_029783.jpg,0.028533935546875,0,-1,straight,left,False
frame_037302.jpg,-0.06396484375,-1,-1,left,left,True
frame_008318.jpg,0.03778076171875,0,0,straight,straight,True
frame_008598.jpg,0.030303955078125,0,0,straight,straight,True
frame_004781.jpg,0.0,0,0,straight,straight,True
frame_022295.jpg,0.0545654296875,1,1,right,right,True
frame_007756.jpg,0.0,0,0,straight,straight,True
frame_004591.jpg,0.021636962890625,0,0,straight,straight,True
frame_048083.jpg,-0.159820556640625,-1,-1,left,left,True
frame_041423.jpg,0.0,0,0,straight,straight,True
frame_005077.jpg,0.063995361328125,1,-1,right,left,False
frame_047926.jpg,0.0,0,0,straight,straight,True
frame_043622.jpg,0.024444580078125,0,0,straight,straight,True
frame_021046.jpg,0.0,0,0,straight,straight,True
frame_017919.jpg,0.2276611328125,1,-1,right,left,False
frame_001075.jpg,-0.046661376953125,0,0,straight,straight,True
frame_002588.jpg,0.02777099609375,0,0,straight,straight,True
frame_011811.jpg,0.0,0,0,straight,straight,True
frame_027076.jpg,0.12310791015625,1,0,right,straight,False
frame_028974.jpg,0.0,0,-1,straight,left,False
frame_017065.jpg,0.053253173828125,1,0,right,straight,False
frame_010994.jpg,0.0,0,0,straight,straight,True
frame_040895.jpg,-0.030731201171875,0,-1,straight,left,False
frame_022495.jpg,0.024078369140625,0,0,straight,straight,True
frame_042234.jpg,0.0,0,0,straight,straight,True
frame_025271.jpg,0.0,0,0,straight,straight,True
frame_045681.jpg,0.0,0,0,straight,straight,True
frame_009729.jpg,0.0,0,0,straight,straight,True
frame_014003.jpg,0.0,0,0,straight,straight,True
frame_013434.jpg,0.0,0,1,straight,right,False
frame_042300.jpg,0.023956298828125,0,-1,straight,left,False
frame_007069.jpg,-0.148406982421875,-1,1,left,right,False
frame_004505.jpg,0.078125,1,1,right,right,True
frame_017208.jpg,0.062042236328125,1,1,right,right,True
frame_037431.jpg,0.0,0,1,straight,right,False
frame_031303.jpg,0.320159912109375,1,1,right,right,True
frame_017245.jpg,0.06781005859375,1,1,right,right,True
frame_020816.jpg,0.031280517578125,0,0,straight,straight,True
frame_031253.jpg,0.06719970703125,1,1,right,right,True
frame_020933.jpg,0.0,0,0,straight,straight,True
frame_028695.jpg,0.0,0,0,straight,straight,True
frame_029295.jpg,0.034454345703125,0,0,straight,straight,True
frame_013748.jpg,0.183319091796875,1,1,right,right,True
frame_048210.jpg,-0.09368896484375,-1,0,left,straight,False
frame_043994.jpg,0.26715087890625,1,1,right,right,True
frame_030940.jpg,0.0,0,0,straight,straight,True
frame_000400.jpg,-0.04864501953125,0,0,straight,straight,True
frame_008618.jpg,0.0,0,0,straight,straight,True
frame_013416.jpg,0.0,0,-1,straight,left,False
frame_045212.jpg,-0.0439453125,0,-1,straight,left,False
frame_019410.jpg,0.0,0,1,straight,right,False
frame_045437.jpg,0.0,0,0,straight,straight,True
frame_027603.jpg,0.0,0,0,straight,straight,True
frame_014128.jpg,0.0,0,1,straight,right,False
frame_002197.jpg,0.0804443359375,1,1,right,right,True
frame_004860.jpg,0.0404052734375,0,1,straight,right,False
frame_004377.jpg,-0.044403076171875,0,0,straight,straight,True
frame_005697.jpg,0.0,0,0,straight,straight,True
frame_027032.jpg,0.122802734375,1,1,right,right,True
frame_039388.jpg,0.0,0,0,straight,straight,True
frame_042603.jpg,0.0,0,0,straight,straight,True
frame_045514.jpg,0.0,0,0,straight,straight,True
frame_000705.jpg,0.046905517578125,0,0,straight,straight,True
frame_031629.jpg,0.0,0,0,straight,straight,True
frame_034079.jpg,0.0,0,-1,straight,left,False
frame_005121.jpg,0.050201416015625,1,0,right,straight,False
frame_046260.jpg,-0.173065185546875,-1,-1,left,left,True
frame_036263.jpg,0.034576416015625,0,0,straight,straight,True
frame_006466.jpg,0.046905517578125,0,0,straight,straight,True
frame_014418.jpg,0.0,0,0,straight,straight,True
frame_043316.jpg,-0.165924072265625,-1,1,left,right,False
frame_015082.jpg,0.099212646484375,1,1,right,right,True
frame_016662.jpg,0.0,0,-1,straight,left,False
frame_026416.jpg,0.0,0,0,straight,straight,True
frame_003582.jpg,0.060089111328125,1,1,right,right,True
frame_000137.jpg,0.033538818359375,0,0,straight,straight,True
frame_029334.jpg,0.0,0,0,straight,straight,True
frame_037156.jpg,-0.06085205078125,-1,-1,left,left,True
frame_007321.jpg,0.034576416015625,0,0,straight,straight,True
frame_044501.jpg,-0.065521240234375,-1,0,left,straight,False
frame_007681.jpg,0.0,0,0,straight,straight,True
frame_016919.jpg,0.062530517578125,1,1,right,right,True
frame_007303.jpg,0.027740478515625,0,0,straight,straight,True
frame_026428.jpg,0.0,0,0,straight,straight,True
frame_025311.jpg,0.0,0,0,straight,straight,True
frame_038207.jpg,0.0,0,0,straight,straight,True
frame_027412.jpg,0.0,0,1,straight,right,False
frame_014129.jpg,0.0,0,0,straight,straight,True
frame_042586.jpg,-0.0328369140625,0,-1,straight,left,False
frame_022956.jpg,0.0,0,0,straight,straight,True
frame_022077.jpg,0.037689208984375,0,1,straight,right,False
frame_041325.jpg,-0.038055419921875,0,-1,straight,left,False
frame_002259.jpg,-0.025726318359375,0,0,straight,straight,True
frame_033638.jpg,0.0,0,0,straight,straight,True
frame_048196.jpg,-0.1123046875,-1,0,left,straight,False
frame_033441.jpg,0.180816650390625,1,1,right,right,True
frame_033319.jpg,0.079071044921875,1,1,right,right,True
frame_023913.jpg,-0.024810791015625,0,0,straight,straight,True
frame_019573.jpg,0.0,0,0,straight,straight,True
frame_009760.jpg,0.039581298828125,0,0,straight,straight,True
frame_016843.jpg,-0.04815673828125,0,0,straight,straight,True
frame_018443.jpg,0.040557861328125,0,0,straight,straight,True
frame_005405.jpg,0.081756591796875,1,1,right,right,True
frame_031308.jpg,0.31719970703125,1,1,right,right,True
frame_031411.jpg,-0.02947998046875,0,0,straight,straight,True
frame_024228.jpg,-0.0811767578125,-1,-1,left,left,True
frame_045567.jpg,0.0,0,0,straight,straight,True
frame_046003.jpg,0.0,0,0,straight,straight,True
frame_019923.jpg,0.0,0,0,straight,straight,True
frame_043964.jpg,0.2584228515625,1,1,right,right,True
frame_030950.jpg,0.0,0,1,straight,right,False
frame_035184.jpg,0.0,0,0,straight,straight,True
frame_023852.jpg,0.085784912109375,1,1,right,right,True
frame_041179.jpg,-0.04547119140625,0,0,straight,straight,True
frame_039309.jpg,-0.16162109375,-1,-1,left,left,True
frame_016153.jpg,0.27423095703125,1,1,right,right,True
frame_043136.jpg,-0.042022705078125,0,0,straight,straight,True
frame_005429.jpg,0.0679931640625,1,1,right,right,True
frame_010986.jpg,0.0,0,0,straight,straight,True
frame_021665.jpg,0.0,0,0,straight,straight,True
frame_043425.jpg,0.0,0,0,straight,straight,True
frame_021771.jpg,0.0,0,0,straight,straight,True
frame_028217.jpg,-0.061248779296875,-1,-1,left,left,True
frame_023040.jpg,0.0,0,0,straight,straight,True
frame_029138.jpg,0.2301025390625,1,1,right,right,True
frame_007871.jpg,0.07183837890625,1,1,right,right,True
frame_022669.jpg,0.0,0,-1,straight,left,False
frame_022758.jpg,0.1322021484375,1,1,right,right,True
frame_004015.jpg,-0.04107666015625,0,0,straight,straight,True
frame_041140.jpg,-0.03369140625,0,-1,straight,left,False
frame_014544.jpg,-0.041168212890625,0,-1,straight,left,False
frame_038646.jpg,-0.023193359375,0,0,straight,straight,True
frame_018756.jpg,0.065460205078125,1,1,right,right,True
frame_024079.jpg,0.252716064453125,1,1,right,right,True
frame_035256.jpg,0.0,0,0,straight,straight,True
frame_012805.jpg,0.147491455078125,1,-1,right,left,False
frame_025657.jpg,0.06793212890625,1,1,right,right,True
frame_031221.jpg,0.0,0,0,straight,straight,True
frame_027908.jpg,0.080780029296875,1,1,right,right,True
frame_018924.jpg,0.1500244140625,1,1,right,right,True
frame_041899.jpg,-0.048828125,0,0,straight,straight,True
frame_010526.jpg,0.360260009765625,1,1,right,right,True
frame_025560.jpg,0.07666015625,1,1,right,right,True
frame_018716.jpg,0.062530517578125,1,1,right,right,True
frame_015498.jpg,-0.02734375,0,1,straight,right,False
frame_045793.jpg,-0.078826904296875,-1,-1,left,left,True
frame_020480.jpg,0.051055908203125,1,0,right,straight,False
frame_044764.jpg,0.0,0,0,straight,straight,True
frame_039531.jpg,-0.07080078125,-1,-1,left,left,True
frame_028349.jpg,0.062896728515625,1,1,right,right,True
frame_025067.jpg,0.242919921875,1,1,right,right,True
frame_032874.jpg,0.025543212890625,0,-1,straight,left,False
frame_032621.jpg,0.022552490234375,0,1,straight,right,False
frame_039921.jpg,0.0,0,0,straight,straight,True
frame_010836.jpg,-0.0281982421875,0,-1,straight,left,False
frame_045041.jpg,0.051116943359375,1,0,right,straight,False
frame_018720.jpg,0.062530517578125,1,0,right,straight,False
frame_014314.jpg,0.0,0,1,straight,right,False
frame_034997.jpg,-0.027740478515625,0,0,straight,straight,True
frame_032836.jpg,0.026824951171875,0,0,straight,straight,True
frame_030956.jpg,0.0,0,0,straight,straight,True
frame_018804.jpg,0.081878662109375,1,1,right,right,True
frame_018003.jpg,0.2091064453125,1,1,right,right,True
frame_028432.jpg,0.15008544921875,1,1,right,right,True
frame_046438.jpg,-0.030670166015625,0,0,straight,straight,True
frame_028655.jpg,0.023956298828125,0,0,straight,straight,True
frame_023587.jpg,0.118927001953125,1,1,right,right,True
frame_047176.jpg,0.0,0,0,straight,straight,True
frame_019768.jpg,0.0,0,0,straight,straight,True
frame_027063.jpg,0.080352783203125,1,1,right,right,True
frame_028778.jpg,0.0,0,0,straight,straight,True
frame_036291.jpg,0.0,0,1,straight,right,False
frame_039381.jpg,0.0,0,0,straight,straight,True
frame_043037.jpg,0.031341552734375,0,0,straight,straight,True
frame_009121.jpg,0.035980224609375,0,1,straight,right,False
frame_036722.jpg,-0.17626953125,-1,-1,left,left,True
frame_033861.jpg,0.0,0,0,straight,straight,True
frame_025465.jpg,0.074188232421875,1,-1,right,left,False
frame_036156.jpg,-0.256622314453125,-1,-1,left,left,True
frame_033299.jpg,0.088958740234375,1,1,right,right,True
frame_020775.jpg,0.0,0,0,straight,straight,True
frame_009306.jpg,0.09478759765625,1,1,right,right,True
frame_019396.jpg,0.0,0,0,straight,straight,True
frame_014299.jpg,0.0,0,0,straight,straight,True
frame_036002.jpg,-0.02239990234375,0,-1,straight,left,False
frame_041469.jpg,0.0,0,0,straight,straight,True
frame_026175.jpg,0.0,0,0,straight,straight,True
frame_005432.jpg,0.0679931640625,1,1,right,right,True
frame_000948.jpg,0.0,0,0,straight,straight,True
frame_034457.jpg,0.0,0,0,straight,straight,True
frame_001235.jpg,0.0,0,0,straight,straight,True
frame_017992.jpg,0.2139892578125,1,1,right,right,True
frame_039838.jpg,0.0,0,-1,straight,left,False
frame_021390.jpg,0.0,0,0,straight,straight,True
frame_006257.jpg,-0.047576904296875,0,0,straight,straight,True
frame_007499.jpg,-0.0570068359375,-1,-1,left,left,True
frame_008742.jpg,0.14727783203125,1,1,right,right,True
frame_034414.jpg,0.048828125,0,0,straight,straight,True
frame_018421.jpg,0.052276611328125,1,1,right,right,True
frame_014425.jpg,0.0,0,0,straight,straight,True
frame_028249.jpg,0.020233154296875,0,0,straight,straight,True
frame_029211.jpg,0.074554443359375,1,1,right,right,True
frame_020617.jpg,0.0,0,0,straight,straight,True
frame_027335.jpg,0.02349853515625,0,0,straight,straight,True
frame_045744.jpg,-0.100830078125,-1,-1,left,left,True
frame_009078.jpg,0.0635986328125,1,1,right,right,True
frame_005822.jpg,0.2291259765625,1,1,right,right,True
frame_031304.jpg,0.320159912109375,1,1,right,right,True
frame_001441.jpg,0.0,0,0,straight,straight,True
frame_014641.jpg,-0.045196533203125,0,0,straight,straight,True
frame_041779.jpg,-0.077880859375,-1,-1,left,left,True
frame_018237.jpg,0.0,0,0,straight,straight,True
frame_040573.jpg,-0.073455810546875,-1,-1,left,left,True
frame_035368.jpg,-0.074920654296875,-1,0,left,straight,False
frame_005463.jpg,0.0660400390625,1,1,right,right,True
frame_047365.jpg,-0.070648193359375,-1,-1,left,left,True
frame_029471.jpg,0.074859619140625,1,-1,right,left,False
frame_011531.jpg,-0.1337890625,-1,-1,left,left,True
frame_006972.jpg,0.0,0,-1,straight,left,False
frame_037687.jpg,0.0,0,0,straight,straight,True
frame_017835.jpg,0.08349609375,1,1,right,right,True
frame_034704.jpg,-0.04620361328125,0,-1,straight,left,False
frame_009366.jpg,0.0,0,0,straight,straight,True
frame_038517.jpg,-0.1793212890625,-1,-1,left,left,True
frame_022497.jpg,0.02886962890625,0,0,straight,straight,True
frame_035650.jpg,0.0,0,0,straight,straight,True
frame_034820.jpg,-0.0791015625,-1,-1,left,left,True
frame_006280.jpg,-0.047576904296875,0,0,straight,straight,True
frame_018386.jpg,0.052276611328125,1,1,right,right,True
frame_030082.jpg,0.062042236328125,1,0,right,straight,False
frame_011548.jpg,-0.306549072265625,-1,-1,left,left,True
frame_005276.jpg,0.08319091796875,1,1,right,right,True
frame_011626.jpg,-0.581146240234375,-1,-1,left,left,True
frame_024328.jpg,0.126495361328125,1,1,right,right,True
frame_020956.jpg,0.0,0,0,straight,straight,True
frame_018758.jpg,0.065460205078125,1,1,right,right,True
frame_016209.jpg,0.28460693359375,1,1,right,right,True
frame_008650.jpg,0.0,0,0,straight,straight,True
frame_010642.jpg,-0.46429443359375,-1,-1,left,left,True
frame_017728.jpg,0.0,0,0,straight,straight,True
frame_006603.jpg,0.0,0,0,straight,straight,True
frame_022928.jpg,0.0,0,0,straight,straight,True
frame_006968.jpg,0.0,0,0,straight,straight,True
frame_007723.jpg,0.0,0,0,straight,straight,True
frame_004234.jpg,-0.021484375,0,0,straight,straight,True
frame_023012.jpg,0.0,0,0,straight,straight,True
frame_030866.jpg,-0.062591552734375,-1,1,left,right,False
frame_017682.jpg,0.0,0,0,straight,straight,True
frame_029827.jpg,-0.0242919921875,0,-1,straight,left,False
frame_023108.jpg,0.0,0,0,straight,straight,True
frame_033804.jpg,-0.037017822265625,0,0,straight,straight,True
frame_003302.jpg,0.0,0,0,straight,straight,True
frame_047772.jpg,-0.076141357421875,-1,1,left,right,False
frame_016695.jpg,-0.054443359375,-1,-1,left,left,True
frame_020309.jpg,0.063507080078125,1,1,right,right,True
frame_026307.jpg,0.0,0,0,straight,straight,True
frame_017599.jpg,0.0,0,0,straight,straight,True
frame_043486.jpg,0.0,0,0,straight,straight,True
frame_004337.jpg,-0.0491943359375,0,0,straight,straight,True
frame_028039.jpg,0.114990234375,1,-1,right,left,False
frame_042067.jpg,0.0,0,0,straight,straight,True
frame_023277.jpg,0.029327392578125,0,0,straight,straight,True
frame_047510.jpg,-0.021331787109375,0,0,straight,straight,True
frame_046269.jpg,-0.173065185546875,-1,-1,left,left,True
frame_018784.jpg,0.06640625,1,1,right,right,True
frame_002693.jpg,0.057159423828125,1,1,right,right,True
frame_041015.jpg,0.0,0,0,straight,straight,True
frame_039820.jpg,0.0,0,0,straight,straight,True
frame_045129.jpg,0.0,0,0,straight,straight,True
frame_010439.jpg,0.0,0,0,straight,straight,True
frame_025525.jpg,0.11431884765625,1,1,right,right,True
frame_028547.jpg,0.06121826171875,1,1,right,right,True
frame_014721.jpg,0.08258056640625,1,1,right,right,True
frame_043311.jpg,-0.156005859375,-1,-1,left,left,True
frame_000820.jpg,0.0,0,0,straight,straight,True
frame_047378.jpg,-0.087371826171875,-1,-1,left,left,True
frame_038797.jpg,0.0,0,0,straight,straight,True
frame_021719.jpg,0.0,0,0,straight,straight,True
frame_004700.jpg,-0.026641845703125,0,0,straight,straight,True
frame_010962.jpg,0.0,0,0,straight,straight,True
frame_002224.jpg,0.051910400390625,1,0,right,straight,False
frame_038278.jpg,0.0,0,0,straight,straight,True
frame_032527.jpg,0.0,0,0,straight,straight,True
frame_030426.jpg,0.0,0,0,straight,straight,True
frame_009396.jpg,-0.070098876953125,-1,0,left,straight,False
frame_002934.jpg,0.0,0,1,straight,right,False
frame_038823.jpg,0.0,0,0,straight,straight,True
frame_047024.jpg,-0.208953857421875,-1,-1,left,left,True
frame_035083.jpg,0.0,0,0,straight,straight,True
frame_021847.jpg,0.02691650390625,0,0,straight,straight,True
frame_035594.jpg,0.0,0,0,straight,straight,True
frame_024211.jpg,-0.034423828125,0,0,straight,straight,True
frame_047595.jpg,0.0,0,1,straight,right,False
frame_033750.jpg,0.027069091796875,0,1,straight,right,False
frame_007253.jpg,-0.140106201171875,-1,-1,left,left,True
frame_009647.jpg,-0.0400390625,0,1,straight,right,False
frame_003637.jpg,0.088104248046875,1,1,right,right,True
frame_027873.jpg,0.0,0,0,straight,straight,True
frame_006974.jpg,0.0,0,-1,straight,left,False
frame_038182.jpg,-0.05126953125,-1,1,left,right,False
frame_029204.jpg,0.10223388671875,1,0,right,straight,False
frame_019529.jpg,0.0,0,0,straight,straight,True
frame_029126.jpg,0.2301025390625,1,1,right,right,True
frame_029724.jpg,0.0,0,0,straight,straight,True
frame_036874.jpg,0.037139892578125,0,0,straight,straight,True
frame_016590.jpg,0.091796875,1,1,right,right,True
frame_011326.jpg,0.0,0,0,straight,straight,True
frame_020786.jpg,0.0,0,-1,straight,left,False
frame_027329.jpg,0.020538330078125,0,-1,straight,left,False
frame_004107.jpg,0.0465087890625,0,0,straight,straight,True
frame_047450.jpg,0.03375244140625,0,0,straight,straight,True
frame_007036.jpg,-0.107879638671875,-1,-1,left,left,True
frame_037319.jpg,-0.06396484375,-1,-1,left,left,True
frame_022920.jpg,0.0,0,-1,straight,left,False
frame_024443.jpg,-0.070587158203125,-1,0,left,straight,False
frame_042510.jpg,-0.06695556640625,-1,-1,left,left,True
frame_005552.jpg,0.09820556640625,1,1,right,right,True
frame_014752.jpg,0.03216552734375,0,1,straight,right,False
frame_018016.jpg,0.2032470703125,1,1,right,right,True
frame_024023.jpg,0.271636962890625,1,1,right,right,True
frame_004708.jpg,-0.03643798828125,0,0,straight,straight,True
frame_032873.jpg,0.0216064453125,0,0,straight,straight,True
frame_039392.jpg,0.0,0,0,straight,straight,True
frame_028987.jpg,0.0,0,0,straight,straight,True
frame_021162.jpg,0.0,0,0,straight,straight,True
frame_036724.jpg,-0.17626953125,-1,-1,left,left,True
frame_034801.jpg,-0.083953857421875,-1,-1,left,left,True
frame_041202.jpg,-0.04937744140625,0,0,straight,straight,True
frame_033013.jpg,0.0,0,0,straight,straight,True
frame_002262.jpg,-0.03167724609375,0,0,straight,straight,True
frame_013336.jpg,0.0,0,-1,straight,left,False
frame_046419.jpg,0.0,0,1,straight,right,False
frame_038153.jpg,-0.065582275390625,-1,-1,left,left,True
frame_028087.jpg,0.058868408203125,1,0,right,straight,False
frame_041270.jpg,-0.0673828125,-1,-1,left,left,True
frame_018695.jpg,0.033294677734375,0,0,straight,straight,True
frame_033946.jpg,0.0,0,0,straight,straight,True
frame_032509.jpg,0.0,0,0,straight,straight,True
frame_026955.jpg,0.07269287109375,1,1,right,right,True
frame_016216.jpg,0.28460693359375,1,-1,right,left,False
frame_020764.jpg,0.0,0,0,straight,straight,True
frame_024764.jpg,0.0,0,-1,straight,left,False
frame_027107.jpg,0.143402099609375,1,1,right,right,True
frame_004806.jpg,0.046417236328125,0,1,straight,right,False
frame_014141.jpg,0.0,0,0,straight,straight,True
frame_003656.jpg,0.083221435546875,1,1,right,right,True
frame_005380.jpg,0.09478759765625,1,1,right,right,True
frame_024261.jpg,-0.06378173828125,-1,0,left,straight,False
frame_005075.jpg,0.063995361328125,1,-1,right,left,False
frame_035310.jpg,-0.063079833984375,-1,0,left,straight,False
frame_023280.jpg,0.029327392578125,0,0,straight,straight,True
frame_017428.jpg,0.0,0,1,straight,right,False
frame_007952.jpg,0.2467041015625,1,1,right,right,True
frame_013161.jpg,0.159332275390625,1,1,right,right,True
frame_006553.jpg,-0.045196533203125,0,0,straight,straight,True
frame_005740.jpg,0.106689453125,1,1,right,right,True
frame_017405.jpg,0.0,0,1,straight,right,False
frame_038065.jpg,-0.083953857421875,-1,-1,left,left,True
frame_010135.jpg,0.088348388671875,1,-1,right,left,False
frame_041064.jpg,-0.031585693359375,0,0,straight,straight,True
frame_043747.jpg,0.2562255859375,1,1,right,right,True
frame_002798.jpg,-0.0302734375,0,0,straight,straight,True
frame_020102.jpg,0.064208984375,1,1,right,right,True
frame_038183.jpg,-0.05029296875,-1,0,left,straight,False
frame_037494.jpg,0.0,0,-1,straight,left,False
frame_033494.jpg,0.166229248046875,1,1,right,right,True
frame_000873.jpg,0.0,0,0,straight,straight,True
frame_006575.jpg,-0.02655029296875,0,0,straight,straight,True
frame_001146.jpg,0.024444580078125,0,0,straight,straight,True
frame_032270.jpg,0.0,0,0,straight,straight,True
frame_009044.jpg,0.0,0,0,straight,straight,True
frame_006365.jpg,0.0,0,0,straight,straight,True
frame_023336.jpg,0.0,0,0,straight,straight,True
frame_036046.jpg,-0.05828857421875,-1,-1,left,left,True
frame_043960.jpg,0.2545166015625,1,1,right,right,True
frame_003466.jpg,0.0477294921875,0,0,straight,straight,True
frame_020059.jpg,0.0,0,0,straight,straight,True
frame_033677.jpg,0.0,0,0,straight,straight,True
frame_003763.jpg,0.09332275390625,1,1,right,right,True
frame_009615.jpg,-0.05816650390625,-1,-1,left,left,True
frame_028277.jpg,0.061859130859375,1,0,right,straight,False
frame_011940.jpg,-0.098785400390625,-1,-1,left,left,True
frame_021794.jpg,0.0,0,0,straight,straight,True
frame_037480.jpg,0.0,0,1,straight,right,False
frame_034350.jpg,-0.107421875,-1,-1,left,left,True
frame_027550.jpg,0.0430908203125,0,-1,straight,left,False
frame_018693.jpg,0.028411865234375,0,0,straight,straight,True
frame_030152.jpg,0.078277587890625,1,1,right,right,True
frame_025531.jpg,0.11431884765625,1,1,right,right,True
frame_048029.jpg,0.0,0,0,straight,straight,True
frame_024330.jpg,0.11822509765625,1,1,right,right,True
frame_010744.jpg,-0.26324462890625,-1,-1,left,left,True
frame_040816.jpg,0.0,0,0,straight,straight,True
frame_046709.jpg,0.033233642578125,0,0,straight,straight,True
frame_013749.jpg,0.185272216796875,1,1,right,right,True
frame_030522.jpg,0.0,0,1,straight,right,False
frame_041873.jpg,-0.048828125,0,0,straight,straight,True
frame_029953.jpg,0.0,0,0,straight,straight,True
frame_013398.jpg,0.0,0,-1,straight,left,False
frame_017954.jpg,0.2296142578125,1,1,right,right,True
frame_004081.jpg,0.0,0,1,straight,right,False
frame_041866.jpg,-0.0498046875,0,0,straight,straight,True
frame_024915.jpg,0.119964599609375,1,1,right,right,True
frame_031080.jpg,0.0,0,0,straight,straight,True
frame_036076.jpg,-0.08099365234375,-1,-1,left,left,True
frame_046562.jpg,0.024993896484375,0,-1,straight,left,False
frame_003041.jpg,0.0,0,-1,straight,left,False
frame_034975.jpg,0.0,0,0,straight,straight,True
frame_006746.jpg,0.0,0,1,straight,right,False
frame_031871.jpg,0.066497802734375,1,1,right,right,True
frame_042814.jpg,-0.032440185546875,0,-1,straight,left,False
frame_037939.jpg,-0.073974609375,-1,-1,left,left,True
frame_016173.jpg,0.323394775390625,1,1,right,right,True
frame_033437.jpg,0.173980712890625,1,1,right,right,True
frame_035662.jpg,0.0,0,0,straight,straight,True
frame_006712.jpg,0.0,0,0,straight,straight,True
frame_010684.jpg,-0.568267822265625,-1,-1,left,left,True
frame_036221.jpg,-0.05902099609375,-1,-1,left,left,True
frame_015436.jpg,0.096771240234375,1,1,right,right,True
frame_022396.jpg,0.0,0,0,straight,straight,True
frame_021510.jpg,0.0,0,0,straight,straight,True
frame_033969.jpg,0.0,0,0,straight,straight,True
frame_007880.jpg,0.09674072265625,1,1,right,right,True
frame_009445.jpg,-0.04974365234375,0,1,straight,right,False
frame_031896.jpg,0.037872314453125,0,0,straight,straight,True
frame_047436.jpg,-0.051971435546875,-1,-1,left,left,True
frame_011907.jpg,0.0,0,0,straight,straight,True
frame_038945.jpg,0.0,0,0,straight,straight,True
frame_032837.jpg,0.0,0,0,straight,straight,True
frame_039560.jpg,-0.05419921875,-1,-1,left,left,True
frame_006137.jpg,0.048370361328125,0,0,straight,straight,True
frame_012074.jpg,-0.1673583984375,-1,-1,left,left,True
frame_008009.jpg,0.227813720703125,1,0,right,straight,False
frame_010555.jpg,0.300872802734375,1,1,right,right,True
frame_016462.jpg,0.0,0,0,straight,straight,True
frame_021041.jpg,0.0,0,0,straight,straight,True
frame_021141.jpg,0.0,0,0,straight,straight,True
frame_022516.jpg,0.047393798828125,0,0,straight,straight,True
frame_003698.jpg,0.035247802734375,0,0,straight,straight,True
frame_001911.jpg,0.096954345703125,1,-1,right,left,False
frame_005817.jpg,0.2281494140625,1,1,right,right,True
frame_026652.jpg,0.10906982421875,1,1,right,right,True
frame_013508.jpg,0.0,0,0,straight,straight,True
frame_030887.jpg,0.038848876953125,0,0,straight,straight,True
frame_001400.jpg,0.0,0,0,straight,straight,True
frame_031618.jpg,0.0,0,0,straight,straight,True
frame_034382.jpg,-0.0311279296875,0,1,straight,right,False
frame_041371.jpg,0.0,0,1,straight,right,False
frame_027305.jpg,0.0,0,0,straight,straight,True
frame_023661.jpg,0.147064208984375,1,0,right,straight,False
frame_026548.jpg,0.22906494140625,1,1,right,right,True
frame_046022.jpg,0.0,0,0,straight,straight,True
frame_030863.jpg,-0.07568359375,-1,-1,left,left,True
frame_030289.jpg,0.021453857421875,0,1,straight,right,False
frame_030386.jpg,0.0,0,0,straight,straight,True
frame_016905.jpg,0.060577392578125,1,1,right,right,True
frame_040679.jpg,0.0,0,0,straight,straight,True
frame_019433.jpg,0.0,0,0,straight,straight,True
frame_027701.jpg,0.12396240234375,1,1,right,right,True
frame_027219.jpg,-0.021759033203125,0,0,straight,straight,True
frame_033310.jpg,0.088958740234375,1,1,right,right,True
frame_004696.jpg,-0.022705078125,0,0,straight,straight,True
frame_015244.jpg,0.0,0,0,straight,straight,True
frame_011730.jpg,0.07257080078125,1,1,right,right,True
frame_013747.jpg,0.181365966796875,1,1,right,right,True
frame_018916.jpg,0.132415771484375,1,1,right,right,True
frame_020499.jpg,0.051055908203125,1,0,right,straight,False
frame_039818.jpg,0.0,0,0,straight,straight,True
frame_003676.jpg,0.04608154296875,0,0,straight,straight,True
frame_028373.jpg,0.0,0,0,straight,straight,True
frame_027973.jpg,0.2757568359375,1,1,right,right,True
frame_003375.jpg,0.0,0,0,straight,straight,True
frame_021615.jpg,0.0,0,-1,straight,left,False
frame_009910.jpg,0.0,0,0,straight,straight,True
frame_019247.jpg,0.021026611328125,0,0,straight,straight,True
frame_013653.jpg,0.08111572265625,1,1,right,right,True
frame_030851.jpg,-0.073486328125,-1,0,left,straight,False
frame_039803.jpg,-0.031829833984375,0,0,straight,straight,True
frame_013023.jpg,0.287841796875,1,1,right,right,True
frame_009924.jpg,0.033233642578125,0,0,straight,straight,True
frame_019727.jpg,0.0,0,0,straight,straight,True
frame_006589.jpg,0.0,0,0,straight,straight,True
frame_021271.jpg,0.0,0,0,straight,straight,True
frame_024863.jpg,0.039703369140625,0,-1,straight,left,False
frame_022877.jpg,-0.064422607421875,-1,-1,left,left,True
frame_004875.jpg,0.021636962890625,0,0,straight,straight,True
frame_030458.jpg,0.0,0,0,straight,straight,True
frame_033839.jpg,0.0,0,0,straight,straight,True
frame_035992.jpg,0.0,0,-1,straight,left,False
frame_013082.jpg,0.29986572265625,1,1,right,right,True
frame_001475.jpg,0.0,0,0,straight,straight,True
frame_041615.jpg,0.0,0,0,straight,straight,True
frame_039857.jpg,0.0,0,1,straight,right,False
frame_043813.jpg,0.0,0,-1,straight,left,False
frame_021511.jpg,0.0,0,0,straight,straight,True
frame_003147.jpg,0.031341552734375,0,-1,straight,left,False
frame_047962.jpg,0.0,0,-1,straight,left,False
frame_022012.jpg,0.07135009765625,1,1,right,right,True
frame_047637.jpg,0.0,0,0,straight,straight,True
frame_033659.jpg,0.0,0,0,straight,straight,True
frame_046442.jpg,-0.030670166015625,0,0,straight,straight,True
frame_041709.jpg,-0.054046630859375,-1,-1,left,left,True
frame_009269.jpg,0.0,0,0,straight,straight,True
frame_007598.jpg,0.0,0,0,straight,straight,True
frame_001660.jpg,0.0,0,0,straight,straight,True
frame_023890.jpg,0.0,0,0,straight,straight,True
frame_018584.jpg,0.0,0,0,straight,straight,True
frame_019969.jpg,-0.028594970703125,0,0,straight,straight,True
frame_036036.jpg,-0.05340576171875,-1,0,left,straight,False
frame_013927.jpg,0.0,0,0,straight,straight,True
frame_019183.jpg,0.0,0,0,straight,straight,True
frame_041016.jpg,0.0,0,0,straight,straight,True
frame_029723.jpg,0.0,0,0,straight,straight,True
frame_023553.jpg,0.03033447265625,0,1,straight,right,False
frame_024396.jpg,-0.06927490234375,-1,-1,left,left,True
frame_013268.jpg,0.0,0,1,straight,right,False
frame_007722.jpg,0.0,0,0,straight,straight,True
frame_026173.jpg,-0.021484375,0,0,straight,straight,True
frame_002348.jpg,0.099578857421875,1,1,right,right,True
frame_038899.jpg,0.0,0,0,straight,straight,True
frame_021398.jpg,0.0,0,0,straight,straight,True
frame_016570.jpg,-0.03338623046875,0,1,straight,right,False
frame_018855.jpg,0.067962646484375,1,1,right,right,True
frame_046118.jpg,0.0,0,-1,straight,left,False
frame_018454.jpg,0.02154541015625,0,-1,straight,left,False
frame_008423.jpg,0.044464111328125,0,0,straight,straight,True
frame_040303.jpg,-0.0484619140625,0,0,straight,straight,True
frame_033244.jpg,0.09454345703125,1,1,right,right,True
frame_009787.jpg,0.03857421875,0,0,straight,straight,True
frame_017188.jpg,0.053253173828125,1,-1,right,left,False
frame_009963.jpg,0.1129150390625,1,-1,right,left,False
frame_007749.jpg,0.0,0,0,straight,straight,True
frame_008858.jpg,0.2369384765625,1,1,right,right,True
frame_026501.jpg,0.061737060546875,1,0,right,straight,False
frame_043252.jpg,-0.077362060546875,-1,-1,left,left,True
frame_004584.jpg,0.0,0,1,straight,right,False
frame_003141.jpg,0.021514892578125,0,-1,straight,left,False
frame_021387.jpg,0.0,0,0,straight,straight,True
frame_002536.jpg,0.052276611328125,1,1,right,right,True
frame_045542.jpg,0.0,0,0,straight,straight,True
frame_045643.jpg,0.0,0,0,straight,straight,True
frame_040071.jpg,0.0,0,0,straight,straight,True
frame_043503.jpg,0.0335693359375,0,0,straight,straight,True
frame_025386.jpg,0.097320556640625,1,1,right,right,True
frame_044211.jpg,0.0,0,-1,straight,left,False
frame_027364.jpg,0.0,0,0,straight,straight,True
frame_012932.jpg,-0.127532958984375,-1,-1,left,left,True
frame_013472.jpg,0.0,0,0,straight,straight,True
frame_045720.jpg,0.0,0,0,straight,straight,True
frame_013683.jpg,0.081085205078125,1,1,right,right,True
frame_012497.jpg,0.0,0,1,straight,right,False
frame_012758.jpg,-0.135345458984375,-1,-1,left,left,True
frame_013620.jpg,0.042022705078125,0,0,straight,straight,True
frame_042594.jpg,0.0,0,0,straight,straight,True
frame_042121.jpg,0.0,0,1,straight,right,False
frame_023967.jpg,0.161376953125,1,1,right,right,True
frame_033957.jpg,0.0,0,0,straight,straight,True
frame_012550.jpg,-0.115142822265625,-1,1,left,right,False
frame_031735.jpg,0.121185302734375,1,1,right,right,True
frame_039294.jpg,-0.171356201171875,-1,-1,left,left,True
frame_008358.jpg,0.044464111328125,0,0,straight,straight,True
frame_019093.jpg,0.029052734375,0,1,straight,right,False
frame_045758.jpg,-0.093109130859375,-1,-1,left,left,True
frame_021089.jpg,0.0,0,0,straight,straight,True
frame_022703.jpg,0.0,0,1,straight,right,False
frame_008388.jpg,0.044464111328125,0,0,straight,straight,True
frame_005641.jpg,-0.0478515625,0,0,straight,straight,True
frame_031367.jpg,-0.02728271484375,0,0,straight,straight,True
frame_011091.jpg,0.0,0,0,straight,straight,True
frame_014709.jpg,0.08258056640625,1,1,right,right,True
frame_042659.jpg,0.0,0,-1,straight,left,False
frame_048330.jpg,0.0,0,0,straight,straight,True
frame_023068.jpg,0.0,0,0,straight,straight,True
frame_005798.jpg,0.2232666015625,1,1,right,right,True
frame_030785.jpg,0.2608642578125,1,1,right,right,True
frame_032211.jpg,0.0426025390625,0,0,straight,straight,True
frame_017944.jpg,0.2296142578125,1,1,right,right,True
frame_043955.jpg,0.2476806640625,1,1,right,right,True
frame_040768.jpg,0.0,0,0,straight,straight,True
frame_011809.jpg,0.0,0,0,straight,straight,True
frame_012239.jpg,0.0,0,1,straight,right,False
frame_021614.jpg,0.0,0,0,straight,straight,True
frame_016133.jpg,0.191375732421875,1,1,right,right,True
frame_019670.jpg,0.0,0,1,straight,right,False
frame_043677.jpg,0.132904052734375,1,1,right,right,True
frame_018839.jpg,0.074798583984375,1,1,right,right,True
frame_009263.jpg,-0.033905029296875,0,0,straight,straight,True
frame_000800.jpg,0.0,0,0,straight,straight,True
frame_032938.jpg,-0.043701171875,0,0,straight,straight,True
frame_042813.jpg,-0.032440185546875,0,-1,straight,left,False
frame_035487.jpg,-0.067596435546875,-1,-1,left,left,True
frame_040392.jpg,-0.05859375,-1,-1,left,left,True
frame_019999.jpg,-0.03076171875,0,0,straight,straight,True
frame_002520.jpg,0.053253173828125,1,1,right,right,True
frame_044826.jpg,0.0,0,0,straight,straight,True
frame_031813.jpg,0.09014892578125,1,1,right,right,True
frame_016476.jpg,0.0,0,-1,straight,left,False
frame_026751.jpg,0.095703125,1,1,right,right,True
frame_043165.jpg,-0.06707763671875,-1,-1,left,left,True
frame_000906.jpg,0.0,0,1,straight,right,False
frame_032249.jpg,-0.027862548828125,0,0,straight,straight,True
frame_018060.jpg,0.0677490234375,1,1,right,right,True
frame_018171.jpg,-0.021240234375,0,0,straight,straight,True
frame_025387.jpg,0.0953369140625,1,1,right,right,True
frame_031125.jpg,0.0,0,0,straight,straight,True
frame_034181.jpg,-0.028167724609375,0,1,straight,right,False
frame_025241.jpg,0.050933837890625,1,1,right,right,True
frame_030168.jpg,0.08306884765625,1,1,right,right,True
frame_036950.jpg,0.0,0,0,straight,straight,True
frame_007213.jpg,-0.17413330078125,-1,1,left,right,False
frame_012416.jpg,0.0,0,0,straight,straight,True
frame_025366.jpg,0.11236572265625,1,1,right,right,True
frame_003590.jpg,0.064971923828125,1,1,right,right,True
frame_022409.jpg,0.026458740234375,0,1,straight,right,False
frame_012033.jpg,-0.30023193359375,-1,-1,left,left,True
frame_015936.jpg,0.0,0,0,straight,straight,True
frame_027250.jpg,0.0,0,1,straight,right,False
frame_041331.jpg,-0.029266357421875,0,0,straight,straight,True
frame_033552.jpg,0.096343994140625,1,-1,right,left,False
frame_039671.jpg,-0.062103271484375,-1,-1,left,left,True
frame_035436.jpg,-0.06243896484375,-1,-1,left,left,True
frame_009027.jpg,0.0,0,0,straight,straight,True
frame_009592.jpg,-0.05621337890625,-1,-1,left,left,True
frame_006611.jpg,0.020050048828125,0,0,straight,straight,True
frame_025278.jpg,0.0,0,0,straight,straight,True
frame_048165.jpg,-0.1484375,-1,-1,left,left,True
frame_008545.jpg,0.0,0,0,straight,straight,True
frame_013842.jpg,0.268280029296875,1,1,right,right,True
frame_033216.jpg,0.10552978515625,1,1,right,right,True
frame_003842.jpg,0.08685302734375,1,1,right,right,True
frame_013836.jpg,0.266357421875,1,-1,right,left,False
frame_010024.jpg,0.299774169921875,1,1,right,right,True
frame_002368.jpg,0.093719482421875,1,0,right,straight,False
frame_040185.jpg,0.0,0,-1,straight,left,False
frame_028472.jpg,0.2677001953125,1,1,right,right,True
frame_020567.jpg,0.036376953125,0,0,straight,straight,True
frame_021980.jpg,0.0665283203125,1,1,right,right,True
frame_046381.jpg,0.021240234375,0,-1,straight,left,False
frame_014064.jpg,-0.0277099609375,0,0,straight,straight,True
frame_021182.jpg,0.0,0,0,straight,straight,True
frame_014669.jpg,0.0,0,1,straight,right,False
frame_048206.jpg,-0.1015625,-1,1,left,right,False
frame_040639.jpg,-0.05615234375,-1,-1,left,left,True
frame_006726.jpg,0.0,0,0,straight,straight,True
frame_006112.jpg,0.022003173828125,0,-1,straight,left,False
frame_009046.jpg,0.0,0,0,straight,straight,True
frame_031913.jpg,0.0,0,0,straight,straight,True
frame_022754.jpg,0.119720458984375,1,0,right,straight,False
frame_043734.jpg,0.2762451171875,1,-1,right,left,False
frame_001936.jpg,0.094024658203125,1,1,right,right,True
frame_005699.jpg,0.0,0,0,straight,straight,True
frame_023214.jpg,0.0,0,0,straight,straight,True
frame_030713.jpg,0.13153076171875,1,1,right,right,True
frame_001723.jpg,0.0,0,0,straight,straight,True
frame_005353.jpg,0.09478759765625,1,1,right,right,True
frame_014748.jpg,0.040130615234375,0,-1,straight,left,False
frame_003417.jpg,0.076385498046875,1,1,right,right,True
frame_005306.jpg,0.09381103515625,1,1,right,right,True
frame_024811.jpg,-0.155181884765625,-1,-1,left,left,True
frame_045321.jpg,-0.07171630859375,-1,-1,left,left,True
frame_047956.jpg,0.0,0,-1,straight,left,False
frame_015418.jpg,0.06268310546875,1,1,right,right,True
frame_047397.jpg,-0.106170654296875,-1,0,left,straight,False
frame_002309.jpg,0.058563232421875,1,0,right,straight,False
frame_017175.jpg,0.053253173828125,1,0,right,straight,False
frame_031589.jpg,0.0,0,0,straight,straight,True
frame_036575.jpg,0.04046630859375,0,0,straight,straight,True
frame_000256.jpg,0.0,0,0,straight,straight,True
frame_040471.jpg,-0.0626220703125,-1,-1,left,left,True
frame_039315.jpg,-0.15771484375,-1,-1,left,left,True
frame_003974.jpg,0.066680908203125,1,0,right,straight,False
frame_029155.jpg,0.2310791015625,1,1,right,right,True
frame_022653.jpg,0.0,0,1,straight,right,False
frame_046462.jpg,0.0,0,0,straight,straight,True
frame_007085.jpg,-0.16827392578125,-1,-1,left,left,True
frame_032302.jpg,0.0,0,0,straight,straight,True
frame_013686.jpg,0.081085205078125,1,0,right,straight,False
frame_028838.jpg,0.0,0,0,straight,straight,True
frame_013052.jpg,0.333770751953125,1,1,right,right,True
frame_023071.jpg,0.0,0,-1,straight,left,False
frame_011908.jpg,0.0,0,0,straight,straight,True
frame_014526.jpg,0.0,0,0,straight,straight,True
frame_033708.jpg,0.0,0,0,straight,straight,True
frame_028336.jpg,0.059051513671875,1,0,right,straight,False
frame_037207.jpg,-0.07159423828125,-1,-1,left,left,True
frame_011282.jpg,0.0,0,0,straight,straight,True
frame_008167.jpg,0.08404541015625,1,1,right,right,True
frame_018250.jpg,0.0,0,1,straight,right,False
frame_032338.jpg,0.0,0,0,straight,straight,True
frame_030098.jpg,0.062042236328125,1,1,right,right,True
frame_006337.jpg,-0.0244140625,0,0,straight,straight,True
frame_010830.jpg,-0.061737060546875,-1,-1,left,left,True
frame_042077.jpg,0.0,0,1,straight,right,False
frame_045504.jpg,0.0,0,0,straight,straight,True
frame_020413.jpg,0.11553955078125,1,1,right,right,True
frame_029881.jpg,0.0,0,0,straight,straight,True
frame_016793.jpg,-0.046630859375,0,0,straight,straight,True
frame_007896.jpg,0.15545654296875,1,1,right,right,True
frame_001326.jpg,0.0,0,0,straight,straight,True
frame_046282.jpg,-0.15765380859375,-1,-1,left,left,True
frame_015690.jpg,0.12799072265625,1,1,right,right,True
frame_021716.jpg,0.0,0,0,straight,straight,True
frame_002112.jpg,0.08404541015625,1,1,right,right,True
frame_039333.jpg,-0.127227783203125,-1,-1,left,left,True
frame_031817.jpg,0.09014892578125,1,1,right,right,True
frame_006858.jpg,0.0,0,-1,straight,left,False
frame_009470.jpg,0.0,0,-1,straight,left,False
frame_016846.jpg,-0.047210693359375,0,0,straight,straight,True
frame_044079.jpg,0.033660888671875,0,0,straight,straight,True
frame_016131.jpg,0.170928955078125,1,0,right,straight,False
frame_039145.jpg,0.0,0,0,straight,straight,True
frame_025200.jpg,0.0,0,0,straight,straight,True
frame_020753.jpg,0.0,0,0,straight,straight,True
frame_041624.jpg,0.0,0,0,straight,straight,True
frame_034722.jpg,-0.061004638671875,-1,0,left,straight,False
frame_015611.jpg,0.102752685546875,1,1,right,right,True
frame_008515.jpg,0.0,0,0,straight,straight,True
frame_047955.jpg,0.0,0,0,straight,straight,True
frame_007822.jpg,0.045440673828125,0,-1,straight,left,False
frame_023509.jpg,0.0,0,0,straight,straight,True
frame_033423.jpg,0.142486572265625,1,1,right,right,True
frame_047984.jpg,0.0,0,0,straight,straight,True
frame_003965.jpg,0.097137451171875,1,0,right,straight,False
frame_011408.jpg,0.2271728515625,1,1,right,right,True
frame_031757.jpg,0.075225830078125,1,1,right,right,True
frame_013882.jpg,0.13348388671875,1,0,right,straight,False
frame_031633.jpg,0.0,0,0,straight,straight,True
frame_010216.jpg,-0.045501708984375,0,0,straight,straight,True
frame_034770.jpg,-0.0770263671875,-1,-1,left,left,True
frame_047586.jpg,0.0,0,0,straight,straight,True
frame_033785.jpg,0.0,0,0,straight,straight,True
frame_013564.jpg,0.0,0,0,straight,straight,True
frame_009380.jpg,-0.046234130859375,0,-1,straight,left,False
frame_020477.jpg,0.051055908203125,1,1,right,right,True
frame_040087.jpg,-0.03448486328125,0,1,straight,right,False
frame_028773.jpg,0.0,0,0,straight,straight,True
frame_044692.jpg,-0.14404296875,-1,-1,left,left,True
frame_039543.jpg,-0.06103515625,-1,-1,left,left,True
frame_031210.jpg,0.0,0,0,straight,straight,True
frame_033043.jpg,0.0,0,0,straight,straight,True
frame_027931.jpg,0.207183837890625,1,1,right,right,True
frame_004563.jpg,-0.0760498046875,-1,-1,left,left,True
frame_028345.jpg,0.064849853515625,1,1,right,right,True
frame_029312.jpg,0.034454345703125,0,0,straight,straight,True
frame_028295.jpg,-0.080108642578125,-1,-1,left,left,True
frame_013213.jpg,0.081878662109375,1,1,right,right,True
frame_031436.jpg,0.0,0,0,straight,straight,True
frame_021055.jpg,0.0,0,0,straight,straight,True
frame_043738.jpg,0.27020263671875,1,-1,right,left,False
frame_037988.jpg,-0.081756591796875,-1,-1,left,left,True
frame_025638.jpg,0.02679443359375,0,0,straight,straight,True
frame_044933.jpg,-0.19268798828125,-1,-1,left,left,True
frame_016933.jpg,0.0333251953125,0,0,straight,straight,True
frame_037234.jpg,-0.07647705078125,-1,-1,left,left,True
frame_037665.jpg,0.0,0,0,straight,straight,True
frame_036636.jpg,-0.052581787109375,-1,-1,left,left,True
frame_046252.jpg,-0.173065185546875,-1,-1,left,left,True
frame_037282.jpg,-0.06396484375,-1,-1,left,left,True
frame_018520.jpg,-0.023895263671875,0,0,straight,straight,True
frame_043536.jpg,0.03448486328125,0,-1,straight,left,False
frame_028533.jpg,0.12164306640625,1,1,right,right,True
frame_000534.jpg,0.027008056640625,0,0,straight,straight,True
frame_046942.jpg,-0.020660400390625,0,1,straight,right,False
frame_025043.jpg,0.231353759765625,1,-1,right,left,False
frame_009236.jpg,-0.105316162109375,-1,-1,left,left,True
frame_012667.jpg,-0.37152099609375,-1,-1,left,left,True
frame_009335.jpg,0.09375,1,-1,right,left,False
frame_027374.jpg,-0.029052734375,0,0,straight,straight,True
frame_027362.jpg,0.0,0,0,straight,straight,True
frame_008512.jpg,0.0,0,0,straight,straight,True
frame_030690.jpg,0.09442138671875,1,1,right,right,True
frame_045609.jpg,0.0,0,0,straight,straight,True
frame_003617.jpg,0.081451416015625,1,1,right,right,True
frame_018711.jpg,0.062530517578125,1,1,right,right,True
frame_047590.jpg,0.0,0,0,straight,straight,True
frame_030480.jpg,0.0,0,1,straight,right,False
frame_018770.jpg,0.06640625,1,1,right,right,True
frame_042454.jpg,-0.0625,-1,1,left,right,False
frame_014586.jpg,-0.09686279296875,-1,0,left,straight,False
frame_031400.jpg,0.0,0,-1,straight,left,False
frame_011516.jpg,0.04052734375,0,1,straight,right,False
frame_022488.jpg,0.0,0,0,straight,straight,True
frame_039891.jpg,0.0,0,1,straight,right,False
frame_016465.jpg,0.0,0,0,straight,straight,True
frame_015706.jpg,0.165618896484375,1,1,right,right,True
frame_005336.jpg,0.09478759765625,1,1,right,right,True
frame_031259.jpg,0.11993408203125,1,1,right,right,True
frame_043292.jpg,-0.114837646484375,-1,1,left,right,False
frame_035911.jpg,-0.08721923828125,-1,-1,left,left,True
frame_043018.jpg,-0.042938232421875,0,-1,straight,left,False
frame_024488.jpg,0.075439453125,1,1,right,right,True
frame_024288.jpg,0.043121337890625,0,1,straight,right,False
frame_034496.jpg,0.0,0,0,straight,straight,True
frame_015357.jpg,-0.0347900390625,0,-1,straight,left,False
frame_045795.jpg,-0.080780029296875,-1,-1,left,left,True
frame_003475.jpg,0.0447998046875,0,0,straight,straight,True
frame_030215.jpg,0.09771728515625,1,1,right,right,True
frame_046062.jpg,0.0,0,0,straight,straight,True
frame_019540.jpg,0.0,0,0,straight,straight,True
frame_004238.jpg,0.0,0,0,straight,straight,True
frame_030128.jpg,0.066864013671875,1,1,right,right,True
frame_002635.jpg,-0.033905029296875,0,0,straight,straight,True
frame_031083.jpg,0.0,0,0,straight,straight,True
frame_011596.jpg,-0.562347412109375,-1,-1,left,left,True
frame_028163.jpg,0.032867431640625,0,1,straight,right,False
frame_034044.jpg,0.0,0,0,straight,straight,True
frame_046880.jpg,0.0,0,-1,straight,left,False
frame_023003.jpg,0.0,0,0,straight,straight,True
frame_045579.jpg,0.0,0,0,straight,straight,True
frame_006846.jpg,0.0,0,0,straight,straight,True
frame_037178.jpg,-0.07159423828125,-1,-1,left,left,True
frame_035045.jpg,0.0,0,0,straight,straight,True
frame_003935.jpg,0.142852783203125,1,1,right,right,True
frame_048207.jpg,-0.099609375,-1,0,left,straight,False
frame_039093.jpg,0.0,0,0,straight,straight,True
frame_047910.jpg,-0.03271484375,0,0,straight,straight,True
frame_042843.jpg,-0.04229736328125,0,-1,straight,left,False
frame_021147.jpg,0.0,0,0,straight,straight,True
frame_031280.jpg,0.28277587890625,1,0,right,straight,False
frame_009610.jpg,-0.05816650390625,-1,0,left,straight,False
frame_039048.jpg,0.0,0,0,straight,straight,True
frame_039098.jpg,0.0,0,0,straight,straight,True
frame_024541.jpg,0.11102294921875,1,1,right,right,True
frame_008312.jpg,0.04071044921875,0,-1,straight,left,False
frame_031586.jpg,0.0,0,0,straight,straight,True
frame_026250.jpg,0.0,0,0,straight,straight,True
frame_039031.jpg,0.0,0,-1,straight,left,False
frame_033584.jpg,0.0,0,0,straight,straight,True
frame_009512.jpg,0.0899658203125,1,1,right,right,True
frame_040638.jpg,-0.05712890625,-1,-1,left,left,True
frame_028402.jpg,-0.02789306640625,0,0,straight,straight,True
frame_008209.jpg,0.08404541015625,1,0,right,straight,False
frame_008374.jpg,0.044464111328125,0,1,straight,right,False
frame_003972.jpg,0.0738525390625,1,0,right,straight,False
frame_011592.jpg,-0.543853759765625,-1,-1,left,left,True
frame_007060.jpg,-0.132476806640625,-1,1,left,right,False
frame_005270.jpg,0.075469970703125,1,1,right,right,True
frame_032653.jpg,0.06451416015625,1,0,right,straight,False
frame_005147.jpg,0.0,0,0,straight,straight,True
frame_046666.jpg,0.0,0,-1,straight,left,False
frame_036821.jpg,-0.045745849609375,0,0,straight,straight,True
frame_009574.jpg,-0.03045654296875,0,0,straight,straight,True
frame_042515.jpg,-0.06695556640625,-1,-1,left,left,True
frame_001498.jpg,0.0,0,0,straight,straight,True
frame_020853.jpg,0.032196044921875,0,0,straight,straight,True
frame_015073.jpg,0.13134765625,1,0,right,straight,False
frame_033139.jpg,0.06591796875,1,1,right,right,True
frame_005141.jpg,0.031402587890625,0,0,straight,straight,True
frame_010942.jpg,0.0,0,-1,straight,left,False
frame_012470.jpg,0.0,0,-1,straight,left,False
frame_028278.jpg,0.057769775390625,1,0,right,straight,False
frame_001548.jpg,-0.03466796875,0,0,straight,straight,True
frame_038539.jpg,-0.174591064453125,-1,-1,left,left,True
frame_028458.jpg,0.2491455078125,1,1,right,right,True
frame_029671.jpg,0.0,0,0,straight,straight,True
frame_043892.jpg,0.03521728515625,0,-1,straight,left,False
frame_040475.jpg,-0.0635986328125,-1,-1,left,left,True
frame_017595.jpg,0.0,0,0,straight,straight,True
frame_021122.jpg,0.0,0,0,straight,straight,True
frame_022307.jpg,0.078033447265625,1,1,right,right,True
frame_009754.jpg,0.032745361328125,0,-1,straight,left,False
frame_023645.jpg,0.156890869140625,1,0,right,straight,False
frame_032867.jpg,0.0,0,0,straight,straight,True
frame_020130.jpg,0.09332275390625,1,1,right,right,True
frame_013206.jpg,0.091705322265625,1,1,right,right,True
frame_007224.jpg,-0.1722412109375,-1,-1,left,left,True
frame_037322.jpg,-0.06396484375,-1,-1,left,left,True
frame_009118.jpg,0.040924072265625,0,1,straight,right,False
frame_047273.jpg,-0.0711669921875,-1,-1,left,left,True
frame_042677.jpg,0.020050048828125,0,-1,straight,left,False
frame_039783.jpg,0.0,0,0,straight,straight,True
frame_047229.jpg,-0.03582763671875,0,0,straight,straight,True
frame_014077.jpg,0.0,0,-1,straight,left,False
frame_011796.jpg,0.0,0,0,straight,straight,True
frame_037458.jpg,0.0,0,1,straight,right,False
frame_042471.jpg,-0.037109375,0,0,straight,straight,True
frame_022533.jpg,0.037445068359375,0,0,straight,straight,True
frame_041486.jpg,0.0,0,0,straight,straight,True
frame_012451.jpg,0.0,0,0,straight,straight,True
frame_031233.jpg,0.0,0,0,straight,straight,True
frame_040668.jpg,-0.03955078125,0,0,straight,straight,True
frame_036467.jpg,-0.17236328125,-1,-1,left,left,True
frame_024996.jpg,0.165069580078125,1,-1,right,left,False
frame_020229.jpg,0.06451416015625,1,1,right,right,True
frame_047371.jpg,-0.079498291015625,-1,-1,left,left,True
frame_040241.jpg,0.063629150390625,1,-1,right,left,False
frame_035609.jpg,-0.025634765625,0,-1,straight,left,False
frame_003832.jpg,0.065277099609375,1,1,right,right,True
frame_041935.jpg,-0.0616455078125,-1,-1,left,left,True
frame_042517.jpg,-0.06695556640625,-1,-1,left,left,True
frame_009844.jpg,0.0,0,0,straight,straight,True
frame_011227.jpg,0.0,0,0,straight,straight,True
frame_022059.jpg,0.06451416015625,1,1,right,right,True
frame_008537.jpg,0.0,0,0,straight,straight,True
frame_007934.jpg,0.2330322265625,1,1,right,right,True
frame_039754.jpg,0.0,0,1,straight,right,False
frame_025503.jpg,0.11431884765625,1,-1,right,left,False
frame_013279.jpg,0.0,0,-1,straight,left,False
frame_010884.jpg,0.025299072265625,0,-1,straight,left,False
frame_025374.jpg,0.11431884765625,1,0,right,straight,False
frame_004703.jpg,-0.03057861328125,0,0,straight,straight,True
frame_003091.jpg,0.0,0,0,straight,straight,True
frame_022818.jpg,0.0284423828125,0,0,straight,straight,True
frame_046579.jpg,0.046539306640625,0,0,straight,straight,True
frame_008981.jpg,0.09576416015625,1,1,right,right,True
frame_027267.jpg,0.0,0,-1,straight,left,False
frame_034389.jpg,0.0,0,1,straight,right,False
frame_029602.jpg,0.09332275390625,1,1,right,right,True
frame_041578.jpg,0.0,0,0,straight,straight,True
frame_037807.jpg,0.0,0,-1,straight,left,False
frame_027388.jpg,-0.06011962890625,-1,-1,left,left,True
frame_004171.jpg,-0.04095458984375,0,-1,straight,left,False
frame_042375.jpg,-0.05828857421875,-1,-1,left,left,True
frame_010752.jpg,-0.219573974609375,-1,-1,left,left,True
frame_041248.jpg,-0.076995849609375,-1,-1,left,left,True
frame_038027.jpg,-0.079071044921875,-1,-1,left,left,True
frame_011358.jpg,0.05621337890625,1,0,right,straight,False
frame_004477.jpg,0.12554931640625,1,1,right,right,True
frame_003855.jpg,0.11419677734375,1,1,right,right,True
frame_046487.jpg,0.0484619140625,0,0,straight,straight,True
frame_019798.jpg,0.0,0,0,straight,straight,True
frame_009264.jpg,-0.03094482421875,0,0,straight,straight,True
frame_044853.jpg,0.0,0,-1,straight,left,False
frame_018511.jpg,-0.032623291015625,0,0,straight,straight,True
frame_030693.jpg,0.100311279296875,1,1,right,right,True
frame_025407.jpg,0.066650390625,1,1,right,right,True
frame_020871.jpg,0.0,0,1,straight,right,False
frame_036157.jpg,-0.258636474609375,-1,-1,left,left,True
frame_023069.jpg,0.0,0,-1,straight,left,False
frame_040295.jpg,-0.0484619140625,0,1,straight,right,False
frame_031812.jpg,0.09014892578125,1,1,right,right,True
frame_047919.jpg,-0.02294921875,0,0,straight,straight,True
frame_021008.jpg,-0.02215576171875,0,0,straight,straight,True
frame_009281.jpg,0.032867431640625,0,0,straight,straight,True
frame_038019.jpg,-0.06927490234375,-1,-1,left,left,True
frame_018590.jpg,0.0,0,0,straight,straight,True
frame_014575.jpg,-0.09490966796875,-1,-1,left,left,True
frame_023254.jpg,0.0,0,0,straight,straight,True
frame_006530.jpg,0.0,0,0,straight,straight,True
frame_023042.jpg,0.0,0,0,straight,straight,True
frame_042930.jpg,-0.140533447265625,-1,-1,left,left,True
frame_044331.jpg,0.1513671875,1,1,right,right,True
frame_028997.jpg,0.0,0,0,straight,straight,True
frame_028741.jpg,0.0,0,0,straight,straight,True
frame_042321.jpg,0.033721923828125,0,-1,straight,left,False
frame_036679.jpg,-0.17431640625,-1,-1,left,left,True
frame_035804.jpg,-0.203765869140625,-1,-1,left,left,True
frame_039405.jpg,0.0,0,0,straight,straight,True
frame_028299.jpg,-0.108642578125,-1,1,left,right,False
frame_012951.jpg,-0.04345703125,0,1,straight,right,False
frame_003021.jpg,0.0,0,0,straight,straight,True
frame_005913.jpg,0.114471435546875,1,1,right,right,True
frame_039733.jpg,-0.053497314453125,-1,-1,left,left,True
frame_007699.jpg,0.0,0,0,straight,straight,True
frame_036268.jpg,0.034576416015625,0,0,straight,straight,True
frame_028631.jpg,0.0,0,-1,straight,left,False
frame_045116.jpg,0.033233642578125,0,0,straight,straight,True
frame_028795.jpg,0.0,0,0,straight,straight,True
frame_010453.jpg,0.0,0,0,straight,straight,True
frame_002679.jpg,0.048492431640625,0,0,straight,straight,True
frame_043998.jpg,0.26715087890625,1,1,right,right,True
frame_031148.jpg,0.04412841796875,0,1,straight,right,False
frame_011691.jpg,-0.052276611328125,-1,0,left,straight,False
frame_019406.jpg,0.0,0,1,straight,right,False
frame_039143.jpg,0.0,0,0,straight,straight,True
frame_000547.jpg,0.0,0,-1,straight,left,False
frame_025229.jpg,0.04998779296875,0,0,straight,straight,True
frame_024287.jpg,0.036956787109375,0,1,straight,right,False
frame_036344.jpg,-0.02587890625,0,0,straight,straight,True
frame_032940.jpg,-0.047760009765625,0,-1,straight,left,False
frame_044160.jpg,0.0,0,-1,straight,left,False
frame_043495.jpg,0.0,0,0,straight,straight,True
frame_014507.jpg,-0.034088134765625,0,0,straight,straight,True
frame_016110.jpg,0.053802490234375,1,1,right,right,True
frame_038347.jpg,0.0,0,0,straight,straight,True
frame_000333.jpg,0.028656005859375,0,0,straight,straight,True
frame_033909.jpg,0.0,0,0,straight,straight,True
frame_005104.jpg,0.063995361328125,1,1,right,right,True
frame_032369.jpg,0.087921142578125,1,0,right,straight,False
frame_038426.jpg,-0.114532470703125,-1,0,left,straight,False
frame_036205.jpg,-0.134521484375,-1,-1,left,left,True
frame_020812.jpg,0.024444580078125,0,1,straight,right,False
frame_011585.jpg,-0.521575927734375,-1,-1,left,left,True
frame_001170.jpg,0.050811767578125,1,0,right,straight,False
frame_040804.jpg,0.023834228515625,0,0,straight,straight,True
frame_001847.jpg,0.1136474609375,1,1,right,right,True
frame_033988.jpg,0.0,0,0,straight,straight,True
frame_032520.jpg,0.0,0,0,straight,straight,True
frame_045306.jpg,-0.050048828125,-1,-1,left,left,True
frame_006718.jpg,0.0,0,0,straight,straight,True
frame_017263.jpg,0.104888916015625,1,1,right,right,True
frame_006903.jpg,0.0,0,0,straight,straight,True
frame_011663.jpg,-0.24853515625,-1,-1,left,left,True
frame_040298.jpg,-0.0484619140625,0,1,straight,right,False
frame_011418.jpg,0.2437744140625,1,1,right,right,True
frame_022977.jpg,0.0,0,0,straight,straight,True
frame_016352.jpg,0.021026611328125,0,1,straight,right,False
frame_035129.jpg,0.0,0,0,straight,straight,True
frame_046447.jpg,-0.026702880859375,0,0,straight,straight,True
frame_018936.jpg,0.162689208984375,1,1,right,right,True
frame_041751.jpg,-0.08367919921875,-1,-1,left,left,True
frame_004992.jpg,0.049591064453125,0,0,straight,straight,True
frame_022284.jpg,0.04876708984375,0,0,straight,straight,True
frame_046370.jpg,0.0,0,1,straight,right,False
frame_045921.jpg,-0.05963134765625,-1,-1,left,left,True
frame_005905.jpg,0.114471435546875,1,1,right,right,True
frame_007412.jpg,0.046905517578125,0,0,straight,straight,True
frame_014701.jpg,0.081634521484375,1,1,right,right,True
frame_040157.jpg,0.0,0,0,straight,straight,True
frame_046063.jpg,0.0,0,0,straight,straight,True
frame_001934.jpg,0.094024658203125,1,1,right,right,True
frame_031402.jpg,-0.022491455078125,0,1,straight,right,False
frame_022841.jpg,-0.062713623046875,-1,0,left,straight,False
frame_033330.jpg,0.0621337890625,1,1,right,right,True
frame_015158.jpg,0.0,0,0,straight,straight,True
frame_020861.jpg,0.02130126953125,0,-1,straight,left,False
frame_000052.jpg,0.048187255859375,0,1,straight,right,False
frame_033379.jpg,0.0,0,0,straight,straight,True
frame_013162.jpg,0.157318115234375,1,1,right,right,True
frame_021731.jpg,0.0,0,0,straight,straight,True
frame_043190.jpg,-0.0498046875,0,-1,straight,left,False
frame_024151.jpg,0.126983642578125,1,1,right,right,True
frame_035079.jpg,0.0,0,0,straight,straight,True
frame_025911.jpg,0.0,0,0,straight,straight,True
frame_002478.jpg,0.031768798828125,0,0,straight,straight,True
frame_032680.jpg,0.115325927734375,1,1,right,right,True
frame_015731.jpg,0.109832763671875,1,1,right,right,True
frame_013184.jpg,0.116363525390625,1,1,right,right,True
frame_018980.jpg,0.103851318359375,1,1,right,right,True
frame_028210.jpg,-0.0552978515625,-1,-1,left,left,True
frame_032141.jpg,0.050506591796875,1,0,right,straight,False
frame_000002.jpg,0.022613525390625,0,1,straight,right,False
frame_002049.jpg,0.08013916015625,1,1,right,right,True
frame_031469.jpg,0.0,0,0,straight,straight,True
frame_018141.jpg,0.0,0,0,straight,straight,True
frame_020337.jpg,0.10223388671875,1,1,right,right,True
frame_021163.jpg,0.0,0,0,straight,straight,True
frame_018677.jpg,0.0,0,0,straight,straight,True
frame_041008.jpg,0.0,0,0,straight,straight,True
frame_037349.jpg,-0.078948974609375,-1,-1,left,left,True
frame_000359.jpg,-0.02508544921875,0,0,straight,straight,True
frame_024227.jpg,-0.0811767578125,-1,-1,left,left,True
frame_047276.jpg,-0.0711669921875,-1,-1,left,left,True
frame_034208.jpg,-0.135467529296875,-1,-1,left,left,True
frame_042925.jpg,-0.140533447265625,-1,-1,left,left,True
frame_018792.jpg,0.069244384765625,1,1,right,right,True
frame_042448.jpg,-0.0701904296875,-1,-1,left,left,True
frame_022429.jpg,0.042999267578125,0,0,straight,straight,True
frame_025270.jpg,0.0,0,0,straight,straight,True
frame_042913.jpg,-0.140533447265625,-1,-1,left,left,True
frame_013736.jpg,0.15301513671875,1,1,right,right,True
frame_014496.jpg,-0.04656982421875,0,0,straight,straight,True
frame_006438.jpg,0.052764892578125,1,0,right,straight,False
frame_006212.jpg,-0.02752685546875,0,0,straight,straight,True
frame_008697.jpg,0.0,0,0,straight,straight,True
frame_011710.jpg,0.034912109375,0,0,straight,straight,True
frame_014157.jpg,0.0,0,-1,straight,left,False
frame_017578.jpg,0.0,0,0,straight,straight,True
frame_003990.jpg,0.0284423828125,0,0,straight,straight,True
frame_006178.jpg,0.0,0,1,straight,right,False
frame_037347.jpg,-0.075958251953125,-1,-1,left,left,True
frame_005635.jpg,-0.052734375,-1,0,left,straight,False
frame_005831.jpg,0.2291259765625,1,1,right,right,True
frame_045956.jpg,-0.04296875,0,0,straight,straight,True
frame_005955.jpg,0.16668701171875,1,1,right,right,True
frame_019985.jpg,-0.04150390625,0,0,straight,straight,True
frame_005249.jpg,0.051300048828125,1,1,right,right,True
frame_039030.jpg,0.0,0,-1,straight,left,False
frame_030016.jpg,0.0,0,1,straight,right,False
frame_044164.jpg,0.0,0,0,straight,straight,True
frame_038788.jpg,0.0,0,0,straight,straight,True
frame_002676.jpg,0.042694091796875,0,0,straight,straight,True
frame_038628.jpg,0.0,0,-1,straight,left,False
frame_025041.jpg,0.232330322265625,1,-1,right,left,False
frame_014358.jpg,0.043975830078125,0,1,straight,right,False
frame_037388.jpg,-0.025726318359375,0,0,straight,straight,True
frame_011795.jpg,0.0,0,0,straight,straight,True
frame_044535.jpg,-0.065521240234375,-1,0,left,straight,False
frame_009716.jpg,0.0,0,0,straight,straight,True
frame_009162.jpg,-0.060089111328125,-1,-1,left,left,True
frame_032937.jpg,-0.040740966796875,0,1,straight,right,False
frame_018194.jpg,-0.020416259765625,0,0,straight,straight,True
frame_012496.jpg,0.0,0,1,straight,right,False
frame_048313.jpg,0.0,0,0,straight,straight,True
frame_003608.jpg,0.07470703125,1,1,right,right,True
frame_038323.jpg,0.0,0,0,straight,straight,True
frame_011791.jpg,-0.023895263671875,0,0,straight,straight,True
frame_029995.jpg,0.0,0,0,straight,straight,True
frame_037066.jpg,0.0,0,-1,straight,left,False
frame_025929.jpg,0.0,0,0,straight,straight,True
frame_046432.jpg,-0.030670166015625,0,0,straight,straight,True
frame_004995.jpg,0.051513671875,1,1,right,right,True
frame_031760.jpg,0.06817626953125,1,1,right,right,True
frame_011401.jpg,0.197906494140625,1,-1,right,left,False
frame_016179.jpg,0.3204345703125,1,1,right,right,True
frame_040453.jpg,-0.0577392578125,-1,-1,left,left,True
frame_042411.jpg,-0.11102294921875,-1,-1,left,left,True
frame_030217.jpg,0.09771728515625,1,1,right,right,True
frame_009497.jpg,0.07452392578125,1,1,right,right,True
frame_031712.jpg,0.065460205078125,1,1,right,right,True
frame_045592.jpg,0.0,0,0,straight,straight,True
frame_007553.jpg,0.0,0,0,straight,straight,True
frame_009605.jpg,-0.05816650390625,-1,-1,left,left,True
frame_023413.jpg,0.067047119140625,1,1,right,right,True
frame_007645.jpg,0.0,0,0,straight,straight,True
frame_043043.jpg,0.031341552734375,0,0,straight,straight,True
frame_042574.jpg,-0.057525634765625,-1,-1,left,left,True
frame_024166.jpg,0.08758544921875,1,1,right,right,True
frame_045471.jpg,-0.021575927734375,0,0,straight,straight,True
frame_026539.jpg,0.201873779296875,1,1,right,right,True
frame_016536.jpg,-0.1627197265625,-1,1,left,right,False
frame_008623.jpg,0.0,0,0,straight,straight,True
frame_046823.jpg,-0.026031494140625,0,0,straight,straight,True
frame_044676.jpg,-0.14208984375,-1,-1,left,left,True
frame_030589.jpg,0.0,0,0,straight,straight,True
frame_008560.jpg,0.0,0,0,straight,straight,True
frame_044891.jpg,-0.06011962890625,-1,-1,left,left,True
frame_022340.jpg,0.087615966796875,1,1,right,right,True
frame_028457.jpg,0.2481689453125,1,1,right,right,True
frame_009272.jpg,0.0,0,-1,straight,left,False
frame_025704.jpg,0.277679443359375,1,1,right,right,True
frame_041096.jpg,-0.040374755859375,0,0,straight,straight,True
frame_004761.jpg,0.0,0,1,straight,right,False
frame_041928.jpg,-0.0616455078125,-1,-1,left,left,True
frame_041262.jpg,-0.0712890625,-1,-1,left,left,True
frame_005362.jpg,0.09478759765625,1,1,right,right,True
frame_047953.jpg,0.0,0,0,straight,straight,True
frame_038511.jpg,-0.1793212890625,-1,-1,left,left,True
frame_028934.jpg,0.0,0,0,straight,straight,True
frame_041260.jpg,-0.073211669921875,-1,-1,left,left,True
frame_010292.jpg,0.066864013671875,1,1,right,right,True
frame_027686.jpg,0.059051513671875,1,1,right,right,True
frame_043364.jpg,-0.1221923828125,-1,-1,left,left,True
frame_007875.jpg,0.0797119140625,1,1,right,right,True
frame_023290.jpg,0.020294189453125,0,0,straight,straight,True
frame_044844.jpg,0.0,0,0,straight,straight,True
frame_032533.jpg,0.0,0,0,straight,straight,True
frame_045826.jpg,-0.07220458984375,-1,-1,left,left,True
frame_005507.jpg,0.10113525390625,1,1,right,right,True
frame_031828.jpg,0.091094970703125,1,1,right,right,True
frame_037950.jpg,-0.076904296875,-1,-1,left,left,True
frame_019941.jpg,0.0,0,0,straight,straight,True
frame_013489.jpg,0.0,0,0,straight,straight,True
frame_045136.jpg,0.0,0,0,straight,straight,True
frame_024813.jpg,-0.15228271484375,-1,-1,left,left,True
frame_011797.jpg,0.0,0,0,straight,straight,True
frame_045421.jpg,0.0,0,0,straight,straight,True
frame_017829.jpg,0.06658935546875,1,1,right,right,True
frame_013745.jpg,0.178436279296875,1,1,right,right,True
frame_036382.jpg,-0.1915283203125,-1,-1,left,left,True
frame_016423.jpg,-0.027984619140625,0,-1,straight,left,False
frame_006164.jpg,0.0,0,0,straight,straight,True
frame_001846.jpg,0.112701416015625,1,1,right,right,True
frame_026756.jpg,0.086822509765625,1,1,right,right,True
frame_013734.jpg,0.14501953125,1,1,right,right,True
frame_047089.jpg,-0.136688232421875,-1,-1,left,left,True
frame_028789.jpg,0.0,0,0,straight,straight,True
frame_045560.jpg,0.0,0,0,straight,straight,True
frame_031068.jpg,0.0,0,-1,straight,left,False
frame_002764.jpg,-0.047576904296875,0,0,straight,straight,True
frame_044590.jpg,-0.097015380859375,-1,1,left,right,False
frame_013803.jpg,0.2232666015625,1,-1,right,left,False
frame_028770.jpg,0.0,0,0,straight,straight,True
frame_028627.jpg,0.0,0,0,straight,straight,True
frame_036848.jpg,0.0,0,0,straight,straight,True
frame_020502.jpg,0.051055908203125,1,0,right,straight,False
frame_035618.jpg,0.0,0,0,straight,straight,True
frame_043651.jpg,0.078216552734375,1,1,right,right,True
frame_036132.jpg,-0.1668701171875,-1,-1,left,left,True
frame_026431.jpg,0.0,0,0,straight,straight,True
frame_008491.jpg,0.0,0,0,straight,straight,True
frame_033484.jpg,0.18914794921875,1,1,right,right,True
frame_045297.jpg,-0.049072265625,0,0,straight,straight,True
frame_002324.jpg,0.097625732421875,1,1,right,right,True
frame_004662.jpg,0.0,0,0,straight,straight,True
frame_010944.jpg,0.0,0,0,straight,straight,True
frame_010993.jpg,0.0,0,0,straight,straight,True
frame_036623.jpg,-0.02191162109375,0,0,straight,straight,True
frame_034849.jpg,-0.05078125,-1,-1,left,left,True
frame_008905.jpg,0.156219482421875,1,1,right,right,True
frame_027710.jpg,0.16943359375,1,1,right,right,True
frame_001778.jpg,0.0,0,0,straight,straight,True
frame_032482.jpg,-0.0789794921875,-1,0,left,straight,False
frame_032479.jpg,-0.094970703125,-1,1,left,right,False
frame_001796.jpg,0.0,0,0,straight,straight,True
frame_041046.jpg,-0.03350830078125,0,-1,straight,left,False
frame_014489.jpg,-0.049407958984375,0,0,straight,straight,True
frame_013724.jpg,0.115020751953125,1,1,right,right,True
frame_032665.jpg,0.083099365234375,1,0,right,straight,False
frame_000116.jpg,0.034515380859375,0,0,straight,straight,True
frame_048124.jpg,-0.254913330078125,-1,-1,left,left,True
frame_024500.jpg,0.111083984375,1,1,right,right,True
frame_001175.jpg,0.050811767578125,1,0,right,straight,False
frame_044421.jpg,0.2320556640625,1,1,right,right,True
frame_043619.jpg,0.0,0,1,straight,right,False
frame_032501.jpg,0.0,0,0,straight,straight,True
frame_034688.jpg,-0.04620361328125,0,-1,straight,left,False
frame_004394.jpg,-0.04150390625,0,0,straight,straight,True
frame_039054.jpg,0.0,0,0,straight,straight,True
frame_044915.jpg,-0.135498046875,-1,-1,left,left,True
frame_000819.jpg,0.0,0,0,straight,straight,True
frame_036294.jpg,0.0,0,0,straight,straight,True
frame_005004.jpg,0.05718994140625,1,1,right,right,True
frame_035134.jpg,0.0,0,0,straight,straight,True
frame_040491.jpg,-0.0645751953125,-1,-1,left,left,True
frame_036362.jpg,-0.112152099609375,-1,-1,left,left,True
frame_002221.jpg,0.051910400390625,1,0,right,straight,False
frame_020789.jpg,0.0,0,0,straight,straight,True
frame_034373.jpg,-0.0679931640625,-1,-1,left,left,True
frame_023594.jpg,0.13177490234375,1,1,right,right,True
frame_001721.jpg,0.0,0,0,straight,straight,True
frame_026392.jpg,0.0,0,0,straight,straight,True
frame_029493.jpg,0.074859619140625,1,1,right,right,True
frame_021352.jpg,0.0,0,1,straight,right,False
frame_037111.jpg,-0.050018310546875,-1,-1,left,left,True
frame_005317.jpg,0.09478759765625,1,1,right,right,True
frame_004134.jpg,0.03057861328125,0,-1,straight,left,False
frame_007454.jpg,0.0,0,-1,straight,left,False
frame_014306.jpg,0.0,0,0,straight,straight,True
frame_022816.jpg,0.034423828125,0,1,straight,right,False
frame_034123.jpg,0.030303955078125,0,-1,straight,left,False
frame_017352.jpg,0.287567138671875,1,1,right,right,True
frame_012297.jpg,0.033233642578125,0,0,straight,straight,True
frame_006000.jpg,0.1416015625,1,-1,right,left,False
frame_031493.jpg,0.0,0,0,straight,straight,True
frame_007881.jpg,0.099700927734375,1,1,right,right,True
frame_045704.jpg,0.021514892578125,0,0,straight,straight,True
frame_029657.jpg,0.028656005859375,0,1,straight,right,False
frame_013786.jpg,0.2183837890625,1,1,right,right,True
frame_047684.jpg,-0.0394287109375,0,-1,straight,left,False
frame_010897.jpg,0.0,0,-1,straight,left,False
frame_031802.jpg,0.098968505859375,1,1,right,right,True
frame_033771.jpg,0.039642333984375,0,1,straight,right,False
frame_037134.jpg,-0.05987548828125,-1,-1,left,left,True
frame_044835.jpg,0.0,0,0,straight,straight,True
frame_044242.jpg,0.0,0,0,straight,straight,True
frame_032060.jpg,0.150115966796875,1,1,right,right,True
frame_025791.jpg,0.17120361328125,1,1,right,right,True
frame_034991.jpg,-0.028717041015625,0,0,straight,straight,True
frame_008896.jpg,0.157196044921875,1,1,right,right,True
frame_008138.jpg,0.0635986328125,1,1,right,right,True
frame_031548.jpg,-0.0211181640625,0,0,straight,straight,True
frame_003720.jpg,0.0538330078125,1,1,right,right,True
frame_026719.jpg,0.107513427734375,1,1,right,right,True
frame_022214.jpg,0.142303466796875,1,1,right,right,True
frame_033003.jpg,0.0,0,0,straight,straight,True
frame_014750.jpg,0.037139892578125,0,-1,straight,left,False
frame_021040.jpg,0.0,0,0,straight,straight,True
frame_009433.jpg,-0.06341552734375,-1,-1,left,left,True
frame_037351.jpg,-0.081939697265625,-1,-1,left,left,True
frame_016443.jpg,0.0,0,0,straight,straight,True
frame_044388.jpg,0.2232666015625,1,1,right,right,True
frame_022975.jpg,0.0,0,0,straight,straight,True
frame_022070.jpg,0.0487060546875,0,1,straight,right,False
frame_020713.jpg,0.0,0,0,straight,straight,True
frame_038776.jpg,0.0,0,-1,straight,left,False
frame_024196.jpg,0.020538330078125,0,0,straight,straight,True
frame_006366.jpg,0.0,0,0,straight,straight,True
frame_046859.jpg,0.0,0,0,straight,straight,True
frame_045528.jpg,0.0,0,0,straight,straight,True
frame_030881.jpg,0.0,0,0,straight,straight,True
frame_034986.jpg,-0.028717041015625,0,0,straight,straight,True
frame_027141.jpg,0.0966796875,1,1,right,right,True
frame_010396.jpg,0.0,0,-1,straight,left,False
frame_008710.jpg,0.03472900390625,0,0,straight,straight,True
frame_035170.jpg,0.0,0,0,straight,straight,True
frame_015752.jpg,0.034423828125,0,1,straight,right,False
frame_028427.jpg,0.122344970703125,1,1,right,right,True
frame_029074.jpg,0.135986328125,1,1,right,right,True
frame_026400.jpg,0.0,0,0,straight,straight,True
frame_041020.jpg,-0.020782470703125,0,0,straight,straight,True
frame_034648.jpg,0.0,0,0,straight,straight,True
frame_028811.jpg,0.0,0,0,straight,straight,True
frame_003363.jpg,0.0,0,0,straight,straight,True
frame_023496.jpg,0.0,0,0,straight,straight,True
frame_026986.jpg,0.188140869140625,1,1,right,right,True
frame_020887.jpg,0.0,0,1,straight,right,False
frame_034054.jpg,0.0,0,-1,straight,left,False
frame_026826.jpg,0.0704345703125,1,1,right,right,True
frame_004269.jpg,0.048858642578125,0,0,straight,straight,True
frame_045441.jpg,0.0,0,0,straight,straight,True
frame_047390.jpg,-0.101226806640625,-1,1,left,right,False
frame_031596.jpg,0.0,0,0,straight,straight,True
frame_046768.jpg,0.0,0,-1,straight,left,False
frame_043080.jpg,0.0,0,0,straight,straight,True
frame_038237.jpg,0.0,0,0,straight,straight,True
frame_034030.jpg,0.0,0,-1,straight,left,False
frame_026882.jpg,-0.0311279296875,0,-1,straight,left,False
frame_045083.jpg,-0.04754638671875,0,0,straight,straight,True
frame_047718.jpg,-0.075836181640625,-1,-1,left,left,True
frame_047358.jpg,-0.06280517578125,-1,-1,left,left,True
frame_030975.jpg,0.0,0,0,straight,straight,True
frame_008986.jpg,0.090850830078125,1,1,right,right,True
frame_001072.jpg,-0.046661376953125,0,0,straight,straight,True
frame_011255.jpg,0.0,0,0,straight,straight,True
frame_031073.jpg,0.0,0,0,straight,straight,True
frame_017704.jpg,0.0,0,0,straight,straight,True
frame_016732.jpg,0.053497314453125,1,0,right,straight,False
frame_034268.jpg,-0.19512939453125,-1,1,left,right,False
frame_032954.jpg,-0.0576171875,-1,-1,left,left,True
frame_046077.jpg,-0.031036376953125,0,0,straight,straight,True
frame_008431.jpg,0.044464111328125,0,0,straight,straight,True
frame_033023.jpg,0.024078369140625,0,1,straight,right,False
frame_044222.jpg,0.0,0,1,straight,right,False
frame_030490.jpg,0.0,0,1,straight,right,False
frame_009400.jpg,-0.071075439453125,-1,1,left,right,False
frame_001059.jpg,-0.046661376953125,0,0,straight,straight,True
frame_003564.jpg,0.050384521484375,1,1,right,right,True
frame_034411.jpg,0.049835205078125,0,0,straight,straight,True
frame_031603.jpg,0.0,0,0,straight,straight,True
frame_015843.jpg,0.04547119140625,0,0,straight,straight,True
frame_036478.jpg,-0.17041015625,-1,-1,left,left,True
frame_035633.jpg,0.0,0,0,straight,straight,True
frame_036949.jpg,0.0,0,0,straight,straight,True
frame_018814.jpg,0.090484619140625,1,1,right,right,True
frame_023408.jpg,0.0543212890625,1,1,right,right,True
frame_005535.jpg,0.10406494140625,1,1,right,right,True
frame_036906.jpg,0.0,0,0,straight,straight,True
frame_000368.jpg,-0.03289794921875,0,0,straight,straight,True
frame_033566.jpg,0.055572509765625,1,1,right,right,True
frame_034383.jpg,-0.028045654296875,0,0,straight,straight,True
frame_039185.jpg,-0.079864501953125,-1,-1,left,left,True
frame_032148.jpg,0.057281494140625,1,0,right,straight,False
frame_030148.jpg,0.076385498046875,1,1,right,right,True
frame_002515.jpg,0.053253173828125,1,1,right,right,True
frame_005289.jpg,0.09381103515625,1,1,right,right,True
frame_000280.jpg,0.0,0,0,straight,straight,True
frame_042440.jpg,-0.073974609375,-1,-1,left,left,True
frame_015004.jpg,0.2208251953125,1,0,right,straight,False
frame_036492.jpg,-0.17138671875,-1,-1,left,left,True
frame_021273.jpg,0.0,0,0,straight,straight,True
frame_016032.jpg,0.0,0,0,straight,straight,True
frame_027635.jpg,0.0,0,0,straight,straight,True
frame_032562.jpg,0.0,0,0,straight,straight,True
frame_005111.jpg,0.061065673828125,1,1,right,right,True
frame_039587.jpg,-0.05224609375,-1,-1,left,left,True
frame_025343.jpg,0.041839599609375,0,0,straight,straight,True
frame_028226.jpg,-0.05340576171875,-1,0,left,straight,False
frame_034173.jpg,0.0,0,-1,straight,left,False
frame_014263.jpg,0.0,0,0,straight,straight,True
frame_003978.jpg,0.055755615234375,1,0,right,straight,False
frame_046380.jpg,0.021240234375,0,0,straight,straight,True
frame_020327.jpg,0.08978271484375,1,1,right,right,True
frame_033963.jpg,0.0,0,0,straight,straight,True
frame_033767.jpg,0.039642333984375,0,1,straight,right,False
frame_037474.jpg,0.0,0,1,straight,right,False
frame_035632.jpg,0.0,0,0,straight,straight,True
frame_026675.jpg,0.10089111328125,1,1,right,right,True
frame_046262.jpg,-0.173065185546875,-1,-1,left,left,True
frame_037741.jpg,0.0,0,-1,straight,left,False
frame_045384.jpg,-0.04931640625,0,-1,straight,left,False
frame_015946.jpg,0.0,0,0,straight,straight,True
frame_028318.jpg,-0.032440185546875,0,0,straight,straight,True
frame_018901.jpg,0.10601806640625,1,1,right,right,True
frame_032024.jpg,0.2640380859375,1,1,right,right,True
frame_034416.jpg,0.0458984375,0,0,straight,straight,True
frame_046476.jpg,0.042724609375,0,0,straight,straight,True
frame_039760.jpg,0.0,0,0,straight,straight,True
frame_040150.jpg,0.0,0,-1,straight,left,False
frame_035011.jpg,0.0,0,1,straight,right,False
frame_001030.jpg,0.0,0,0,straight,straight,True
frame_004624.jpg,0.020660400390625,0,0,straight,straight,True
frame_037643.jpg,0.0,0,0,straight,straight,True
frame_008863.jpg,0.23394775390625,1,1,right,right,True
frame_007383.jpg,0.0,0,0,straight,straight,True
frame_004943.jpg,0.0,0,0,straight,straight,True
frame_026823.jpg,0.063629150390625,1,1,right,right,True
frame_004952.jpg,0.0,0,0,straight,straight,True
frame_014554.jpg,-0.06732177734375,-1,-1,left,left,True
frame_032254.jpg,-0.027862548828125,0,0,straight,straight,True
frame_011245.jpg,0.0,0,0,straight,straight,True
frame_017670.jpg,0.0,0,1,straight,right,False
frame_036158.jpg,-0.261627197265625,-1,-1,left,left,True
frame_012917.jpg,-0.255218505859375,-1,-1,left,left,True
frame_037581.jpg,0.0,0,-1,straight,left,False
frame_010515.jpg,0.301544189453125,1,1,right,right,True
frame_039157.jpg,-0.02618408203125,0,1,straight,right,False
frame_045213.jpg,-0.04296875,0,0,straight,straight,True
frame_045216.jpg,-0.04296875,0,-1,straight,left,False
frame_017043.jpg,0.053253173828125,1,1,right,right,True
frame_014558.jpg,-0.073272705078125,-1,-1,left,left,True
frame_045199.jpg,-0.05078125,-1,-1,left,left,True
frame_024125.jpg,0.174072265625,1,1,right,right,True
frame_035162.jpg,0.0,0,0,straight,straight,True
frame_022091.jpg,0.0,0,-1,straight,left,False
frame_008517.jpg,0.0,0,0,straight,straight,True
frame_036570.jpg,0.04638671875,0,0,straight,straight,True
frame_028605.jpg,0.0,0,1,straight,right,False
frame_008735.jpg,0.1199951171875,1,1,right,right,True
frame_038624.jpg,0.0,0,-1,straight,left,False
frame_009394.jpg,-0.069122314453125,-1,-1,left,left,True
frame_028275.jpg,0.0718994140625,1,0,right,straight,False
frame_044103.jpg,-0.043060302734375,0,0,straight,straight,True
frame_010757.jpg,-0.21575927734375,-1,-1,left,left,True
frame_029986.jpg,0.0,0,0,straight,straight,True
frame_020176.jpg,0.05413818359375,1,1,right,right,True
frame_011913.jpg,0.0,0,0,straight,straight,True
frame_010890.jpg,0.0,0,-1,straight,left,False
frame_015981.jpg,0.0,0,0,straight,straight,True
frame_002825.jpg,0.0,0,0,straight,straight,True
frame_038127.jpg,-0.067474365234375,-1,-1,left,left,True
frame_015353.jpg,-0.020538330078125,0,0,straight,straight,True
frame_015043.jpg,0.184295654296875,1,1,right,right,True
frame_031572.jpg,0.0,0,0,straight,straight,True
frame_003603.jpg,0.06689453125,1,1,right,right,True
frame_015832.jpg,0.027862548828125,0,0,straight,straight,True
frame_000250.jpg,0.0,0,0,straight,straight,True
frame_011551.jpg,-0.317962646484375,-1,-1,left,left,True
frame_045372.jpg,-0.061920166015625,-1,-1,left,left,True
frame_005803.jpg,0.2252197265625,1,1,right,right,True
frame_038936.jpg,0.0,0,0,straight,straight,True
frame_034467.jpg,0.0,0,-1,straight,left,False
frame_022272.jpg,0.0517578125,1,1,right,right,True
frame_038348.jpg,0.0,0,0,straight,straight,True
frame_014069.jpg,0.0,0,0,straight,straight,True
frame_005305.jpg,0.09381103515625,1,1,right,right,True
frame_002874.jpg,0.0635986328125,1,1,right,right,True
frame_031988.jpg,0.19683837890625,1,1,right,right,True
frame_044251.jpg,0.0,0,0,straight,straight,True
frame_024736.jpg,0.118865966796875,1,1,right,right,True
frame_044595.jpg,-0.0999755859375,-1,-1,left,left,True
frame_035025.jpg,0.026397705078125,0,-1,straight,left,False
frame_033646.jpg,0.0,0,0,straight,straight,True
frame_006675.jpg,0.0,0,0,straight,straight,True
frame_016906.jpg,0.061553955078125,1,1,right,right,True
frame_005893.jpg,0.113525390625,1,1,right,right,True
frame_017782.jpg,0.0,0,0,straight,straight,True
frame_004048.jpg,0.0,0,1,straight,right,False
frame_022717.jpg,0.0,0,1,straight,right,False
frame_045651.jpg,0.0,0,0,straight,straight,True
frame_040323.jpg,-0.05535888671875,-1,-1,left,left,True
frame_043182.jpg,-0.056549072265625,-1,-1,left,left,True
frame_041938.jpg,-0.0616455078125,-1,-1,left,left,True
frame_031863.jpg,0.078369140625,1,1,right,right,True
frame_010338.jpg,0.043304443359375,0,0,straight,straight,True
frame_021311.jpg,-0.02728271484375,0,0,straight,straight,True
frame_033539.jpg,0.122344970703125,1,1,right,right,True
frame_040326.jpg,-0.059295654296875,-1,-1,left,left,True
frame_018648.jpg,0.0,0,0,straight,straight,True
frame_044635.jpg,-0.12579345703125,-1,1,left,right,False
frame_044097.jpg,-0.042083740234375,0,0,straight,straight,True
frame_022187.jpg,0.114013671875,1,1,right,right,True
frame_023332.jpg,0.0,0,0,straight,straight,True
frame_046410.jpg,0.0,0,0,straight,straight,True
frame_007612.jpg,0.0,0,0,straight,straight,True
frame_002198.jpg,0.0794677734375,1,1,right,right,True
frame_017739.jpg,0.0,0,0,straight,straight,True
frame_005885.jpg,0.12451171875,1,1,right,right,True
frame_002643.jpg,-0.036834716796875,0,0,straight,straight,True
frame_004303.jpg,0.0,0,0,straight,straight,True
frame_043722.jpg,0.2586669921875,1,-1,right,left,False
frame_040269.jpg,0.0,0,-1,straight,left,False
frame_017006.jpg,0.0,0,0,straight,straight,True
frame_037405.jpg,0.0,0,0,straight,straight,True
frame_018482.jpg,-0.031494140625,0,0,straight,straight,True
frame_001761.jpg,-0.02520751953125,0,1,straight,right,False
frame_030715.jpg,0.136444091796875,1,1,right,right,True
frame_019767.jpg,0.0,0,0,straight,straight,True
frame_028603.jpg,0.0,0,-1,straight,left,False
frame_035194.jpg,0.0,0,0,straight,straight,True
frame_008583.jpg,0.0,0,0,straight,straight,True
frame_001855.jpg,0.1136474609375,1,1,right,right,True
frame_018813.jpg,0.08953857421875,1,1,right,right,True
frame_044624.jpg,-0.1058349609375,-1,0,left,straight,False
frame_040014.jpg,0.0,0,0,straight,straight,True
frame_016511.jpg,-0.040985107421875,0,0,straight,straight,True
frame_022625.jpg,-0.023773193359375,0,0,straight,straight,True
frame_042887.jpg,-0.121002197265625,-1,-1,left,left,True
frame_032931.jpg,-0.023529052734375,0,-1,straight,left,False
frame_046571.jpg,0.04559326171875,0,0,straight,straight,True
frame_046261.jpg,-0.173065185546875,-1,-1,left,left,True
frame_011286.jpg,0.0,0,0,straight,straight,True
frame_048336.jpg,0.0,0,0,straight,straight,True
frame_036909.jpg,0.0,0,0,straight,straight,True
frame_009926.jpg,0.035186767578125,0,0,straight,straight,True
frame_000610.jpg,-0.04736328125,0,0,straight,straight,True
frame_045028.jpg,0.022491455078125,0,0,straight,straight,True
frame_006171.jpg,0.0,0,0,straight,straight,True
frame_042604.jpg,0.0,0,-1,straight,left,False
frame_045892.jpg,-0.0625,-1,-1,left,left,True
frame_004156.jpg,0.0,0,-1,straight,left,False
frame_030916.jpg,0.0,0,1,straight,right,False
frame_038337.jpg,0.0,0,0,straight,straight,True
frame_036063.jpg,-0.065155029296875,-1,-1,left,left,True
frame_012385.jpg,0.0,0,0,straight,straight,True
frame_010794.jpg,-0.18255615234375,-1,-1,left,left,True
frame_021178.jpg,0.0,0,0,straight,straight,True
frame_047804.jpg,-0.0498046875,0,0,straight,straight,True
frame_030990.jpg,0.0,0,0,straight,straight,True
frame_028097.jpg,0.08123779296875,1,1,right,right,True
frame_046895.jpg,0.0,0,-1,straight,left,False
frame_029348.jpg,0.0,0,1,straight,right,False
frame_043761.jpg,0.234344482421875,1,-1,right,left,False
frame_020781.jpg,0.0,0,0,straight,straight,True
frame_032579.jpg,0.0,0,0,straight,straight,True
frame_005565.jpg,0.09234619140625,1,1,right,right,True
frame_002920.jpg,0.0596923828125,1,1,right,right,True
frame_047990.jpg,-0.02099609375,0,-1,straight,left,False
frame_002700.jpg,0.057159423828125,1,0,right,straight,False
frame_000806.jpg,0.0,0,0,straight,straight,True
frame_034994.jpg,-0.028717041015625,0,0,straight,straight,True
frame_044517.jpg,-0.065521240234375,-1,-1,left,left,True
frame_000660.jpg,0.0,0,0,straight,straight,True
frame_046108.jpg,0.0,0,0,straight,straight,True
frame_001128.jpg,0.0,0,0,straight,straight,True
frame_040872.jpg,-0.046173095703125,0,0,straight,straight,True
frame_039537.jpg,-0.067779541015625,-1,-1,left,left,True
frame_047353.jpg,-0.051605224609375,-1,0,left,straight,False
frame_001819.jpg,0.060577392578125,1,1,right,right,True
frame_046596.jpg,0.038543701171875,0,0,straight,straight,True
frame_019657.jpg,0.0,0,1,straight,right,False
frame_029286.jpg,0.0,0,0,straight,straight,True
frame_018352.jpg,0.028839111328125,0,0,straight,straight,True
frame_001771.jpg,0.0,0,0,straight,straight,True
frame_044000.jpg,0.26715087890625,1,1,right,right,True
frame_017212.jpg,0.063018798828125,1,1,right,right,True
frame_043857.jpg,0.0,0,1,straight,right,False
frame_035796.jpg,-0.181671142578125,-1,-1,left,left,True
frame_036586.jpg,0.0,0,-1,straight,left,False
frame_022395.jpg,0.0,0,1,straight,right,False
frame_006482.jpg,0.03607177734375,0,0,straight,straight,True
frame_040766.jpg,0.0,0,1,straight,right,False
frame_002286.jpg,-0.021209716796875,0,1,straight,right,False
frame_012133.jpg,0.0,0,1,straight,right,False
frame_031840.jpg,0.091094970703125,1,1,right,right,True
frame_045879.jpg,-0.0625,-1,-1,left,left,True
frame_030202.jpg,0.09478759765625,1,1,right,right,True
frame_027117.jpg,0.1265869140625,1,0,right,straight,False
frame_042827.jpg,-0.04229736328125,0,-1,straight,left,False
frame_032032.jpg,0.222747802734375,1,1,right,right,True
frame_000699.jpg,0.044952392578125,0,0,straight,straight,True
frame_035060.jpg,0.0,0,0,straight,straight,True
frame_041357.jpg,0.0,0,1,straight,right,False
frame_045409.jpg,0.0,0,0,straight,straight,True
frame_008089.jpg,0.092559814453125,1,-1,right,left,False
frame_017275.jpg,0.13616943359375,1,1,right,right,True
frame_026965.jpg,0.10528564453125,1,1,right,right,True
frame_016930.jpg,0.040313720703125,0,0,straight,straight,True
frame_011430.jpg,0.2447509765625,1,-1,right,left,False
frame_030899.jpg,0.0357666015625,0,0,straight,straight,True
frame_037563.jpg,0.024749755859375,0,0,straight,straight,True
frame_036101.jpg,-0.109527587890625,-1,-1,left,left,True
frame_021957.jpg,0.065582275390625,1,1,right,right,True
frame_000489.jpg,0.038116455078125,0,0,straight,straight,True
frame_039726.jpg,-0.06024169921875,-1,-1,left,left,True
frame_039970.jpg,0.0,0,0,straight,straight,True
frame_034749.jpg,-0.080841064453125,-1,-1,left,left,True
frame_008365.jpg,0.044464111328125,0,-1,straight,left,False
frame_043210.jpg,-0.048828125,0,0,straight,straight,True
frame_017548.jpg,0.0,0,0,straight,straight,True
frame_041767.jpg,-0.077880859375,-1,-1,left,left,True
frame_027886.jpg,0.0,0,0,straight,straight,True
frame_040206.jpg,0.0218505859375,0,1,straight,right,False
frame_006744.jpg,0.0,0,1,straight,right,False
frame_016783.jpg,0.0,0,0,straight,straight,True
frame_032317.jpg,0.0,0,0,straight,straight,True
frame_047699.jpg,-0.05218505859375,-1,-1,left,left,True
frame_007030.jpg,-0.100067138671875,-1,-1,left,left,True
frame_012305.jpg,0.033233642578125,0,1,straight,right,False
frame_009639.jpg,-0.04583740234375,0,1,straight,right,False
frame_017902.jpg,0.2315673828125,1,1,right,right,True
frame_002474.jpg,0.02398681640625,0,0,straight,straight,True
frame_027262.jpg,0.0,0,-1,straight,left,False
frame_009745.jpg,0.022979736328125,0,-1,straight,left,False
frame_013355.jpg,0.0,0,0,straight,straight,True
frame_042344.jpg,0.0,0,0,straight,straight,True
frame_021768.jpg,0.0,0,0,straight,straight,True
frame_002804.jpg,0.0,0,0,straight,straight,True
frame_011016.jpg,0.0,0,0,straight,straight,True
frame_006118.jpg,0.037750244140625,0,0,straight,straight,True
frame_024509.jpg,0.11688232421875,1,1,right,right,True
frame_031047.jpg,0.0,0,0,straight,straight,True
frame_046124.jpg,0.0,0,0,straight,straight,True
frame_026803.jpg,0.0,0,0,straight,straight,True
frame_039131.jpg,0.0,0,0,straight,straight,True
frame_040076.jpg,0.0,0,0,straight,straight,True
frame_039504.jpg,-0.08245849609375,-1,-1,left,left,True
frame_023470.jpg,0.087249755859375,1,0,right,straight,False
frame_039741.jpg,-0.040771484375,0,-1,straight,left,False
frame_030995.jpg,0.0,0,0,straight,straight,True
frame_010268.jpg,0.064971923828125,1,1,right,right,True
frame_006764.jpg,0.0,0,1,straight,right,False
frame_041396.jpg,-0.0255126953125,0,0,straight,straight,True
frame_013204.jpg,0.094635009765625,1,0,right,straight,False
frame_033114.jpg,0.021026611328125,0,0,straight,straight,True
frame_046949.jpg,-0.032470703125,0,1,straight,right,False
frame_047954.jpg,0.0,0,0,straight,straight,True
frame_008214.jpg,0.08404541015625,1,0,right,straight,False
frame_004226.jpg,-0.036102294921875,0,0,straight,straight,True
frame_047363.jpg,-0.06866455078125,-1,-1,left,left,True
frame_024985.jpg,0.0975341796875,1,1,right,right,True
frame_033516.jpg,0.162322998046875,1,1,right,right,True
frame_029698.jpg,0.0,0,0,straight,straight,True
frame_048289.jpg,0.0,0,0,straight,straight,True
frame_013241.jpg,0.0,0,0,straight,straight,True
frame_006442.jpg,0.052764892578125,1,0,right,straight,False
frame_043467.jpg,0.0,0,0,straight,straight,True
frame_041253.jpg,-0.076995849609375,-1,-1,left,left,True
frame_008601.jpg,0.031280517578125,0,0,straight,straight,True
frame_009300.jpg,0.086151123046875,1,0,right,straight,False
frame_039901.jpg,0.0,0,1,straight,right,False
frame_043666.jpg,0.111419677734375,1,1,right,right,True
frame_031706.jpg,0.059600830078125,1,-1,right,left,False
frame_007395.jpg,0.039154052734375,0,0,straight,straight,True
frame_026107.jpg,0.0,0,1,straight,right,False
frame_018836.jpg,0.0777587890625,1,1,right,right,True
frame_019120.jpg,0.0,0,0,straight,straight,True
frame_023759.jpg,0.0,0,0,straight,straight,True
frame_031562.jpg,-0.0201416015625,0,0,straight,straight,True
frame_013853.jpg,0.2562255859375,1,1,right,right,True
frame_021900.jpg,0.0521240234375,1,1,right,right,True
frame_023379.jpg,0.0,0,0,straight,straight,True
frame_030017.jpg,0.0,0,1,straight,right,False
frame_005545.jpg,0.10113525390625,1,1,right,right,True
frame_010721.jpg,-0.4510498046875,-1,-1,left,left,True
frame_020595.jpg,0.0,0,0,straight,straight,True
frame_043532.jpg,0.03448486328125,0,-1,straight,left,False
frame_006912.jpg,0.0,0,0,straight,straight,True
frame_023606.jpg,0.147308349609375,1,1,right,right,True
frame_032138.jpg,0.044586181640625,0,0,straight,straight,True
frame_019113.jpg,0.0,0,0,straight,straight,True
frame_041208.jpg,-0.054290771484375,-1,-1,left,left,True
frame_001599.jpg,0.0,0,0,straight,straight,True
frame_030188.jpg,0.09478759765625,1,1,right,right,True
frame_031223.jpg,0.0,0,0,straight,straight,True
frame_047978.jpg,0.0,0,0,straight,straight,True
frame_019585.jpg,0.0,0,0,straight,straight,True
frame_015054.jpg,0.173492431640625,1,1,right,right,True
frame_034822.jpg,-0.0771484375,-1,-1,left,left,True
frame_001643.jpg,0.0,0,0,straight,straight,True
frame_012251.jpg,0.0,0,1,straight,right,False
frame_033308.jpg,0.088958740234375,1,1,right,right,True
frame_012132.jpg,0.0,0,1,straight,right,False
frame_006952.jpg,-0.039215087890625,0,-1,straight,left,False
frame_017591.jpg,0.0,0,0,straight,straight,True
frame_013569.jpg,0.0,0,0,straight,straight,True
frame_016327.jpg,-0.1187744140625,-1,0,left,straight,False
frame_016475.jpg,0.0,0,1,straight,right,False
frame_017427.jpg,0.0,0,0,straight,straight,True
frame_043270.jpg,-0.094970703125,-1,1,left,right,False
frame_010524.jpg,0.35223388671875,1,1,right,right,True
frame_041571.jpg,0.0,0,0,straight,straight,True
frame_018931.jpg,0.1617431640625,1,0,right,straight,False
frame_022502.jpg,0.04058837890625,0,0,straight,straight,True
frame_048168.jpg,-0.143463134765625,-1,-1,left,left,True
frame_033225.jpg,0.10650634765625,1,1,right,right,True
frame_008495.jpg,0.0,0,0,straight,straight,True
frame_013285.jpg,0.0,0,0,straight,straight,True
frame_002336.jpg,0.099578857421875,1,1,right,right,True
frame_038106.jpg,-0.0517578125,-1,-1,left,left,True
frame_004133.jpg,0.0325927734375,0,-1,straight,left,False
frame_004626.jpg,0.020660400390625,0,0,straight,straight,True
frame_038272.jpg,0.0247802734375,0,0,straight,straight,True
frame_031822.jpg,0.091094970703125,1,1,right,right,True
frame_028659.jpg,0.023956298828125,0,0,straight,straight,True
frame_024081.jpg,0.247711181640625,1,1,right,right,True
frame_025378.jpg,0.110321044921875,1,1,right,right,True
frame_028139.jpg,-0.072509765625,-1,-1,left,left,True
frame_012420.jpg,0.0,0,0,straight,straight,True
frame_040744.jpg,0.0,0,-1,straight,left,False
frame_033931.jpg,0.0,0,0,straight,straight,True
frame_008486.jpg,0.0,0,0,straight,straight,True
frame_043220.jpg,-0.048828125,0,0,straight,straight,True
frame_013171.jpg,0.13922119140625,1,1,right,right,True
frame_028384.jpg,-0.0277099609375,0,0,straight,straight,True
frame_045496.jpg,0.0,0,0,straight,straight,True
frame_040928.jpg,0.045501708984375,0,0,straight,straight,True
frame_002155.jpg,0.08062744140625,1,1,right,right,True
frame_015996.jpg,0.0,0,0,straight,straight,True
frame_003711.jpg,0.035247802734375,0,1,straight,right,False
frame_004953.jpg,0.0,0,0,straight,straight,True
frame_008440.jpg,0.044464111328125,0,0,straight,straight,True
frame_008153.jpg,0.07427978515625,1,1,right,right,True
frame_025697.jpg,0.258941650390625,1,1,right,right,True
frame_036358.jpg,-0.09368896484375,-1,-1,left,left,True
frame_018476.jpg,-0.0225830078125,0,-1,straight,left,False
frame_023795.jpg,0.063385009765625,1,0,right,straight,False
frame_005287.jpg,0.09381103515625,1,1,right,right,True
frame_029344.jpg,0.0,0,1,straight,right,False
frame_033222.jpg,0.10650634765625,1,1,right,right,True
frame_027863.jpg,0.062896728515625,1,0,right,straight,False
frame_028325.jpg,0.0,0,0,straight,straight,True
frame_045740.jpg,-0.08648681640625,-1,-1,left,left,True
frame_000898.jpg,0.0,0,1,straight,right,False
frame_032441.jpg,0.09014892578125,1,0,right,straight,False
frame_038572.jpg,-0.06329345703125,-1,-1,left,left,True
frame_020242.jpg,0.06451416015625,1,1,right,right,True
frame_025412.jpg,0.064697265625,1,1,right,right,True
frame_018163.jpg,0.0,0,0,straight,straight,True
frame_023237.jpg,0.0,0,0,straight,straight,True
frame_027174.jpg,0.036865234375,0,0,straight,straight,True
frame_018682.jpg,0.0,0,0,straight,straight,True
frame_009060.jpg,0.057861328125,1,0,right,straight,False
frame_027883.jpg,0.0,0,0,straight,straight,True
frame_046836.jpg,0.0,0,0,straight,straight,True
frame_047111.jpg,-0.090240478515625,-1,0,left,straight,False
frame_037803.jpg,0.0,0,-1,straight,left,False
frame_013793.jpg,0.2213134765625,1,1,right,right,True
frame_024529.jpg,0.11199951171875,1,0,right,straight,False
frame_022829.jpg,0.0,0,0,straight,straight,True
frame_030813.jpg,0.212646484375,1,1,right,right,True
frame_000264.jpg,0.0,0,0,straight,straight,True
frame_026465.jpg,0.0,0,0,straight,straight,True
frame_036919.jpg,0.0,0,0,straight,straight,True
frame_019144.jpg,0.0325927734375,0,1,straight,right,False
frame_041255.jpg,-0.076995849609375,-1,-1,left,left,True
frame_040465.jpg,-0.0616455078125,-1,-1,left,left,True
frame_010896.jpg,0.0,0,1,straight,right,False
frame_001528.jpg,-0.0423583984375,0,0,straight,straight,True
frame_003158.jpg,0.036163330078125,0,-1,straight,left,False
frame_005802.jpg,0.2252197265625,1,1,right,right,True
frame_040095.jpg,-0.041351318359375,0,0,straight,straight,True
frame_005309.jpg,0.09381103515625,1,1,right,right,True
frame_045319.jpg,-0.06976318359375,-1,-1,left,left,True
frame_038319.jpg,0.0,0,0,straight,straight,True
frame_007077.jpg,-0.162384033203125,-1,1,left,right,False
frame_021698.jpg,0.0,0,0,straight,straight,True
frame_002591.jpg,0.020782470703125,0,0,straight,straight,True
frame_009586.jpg,-0.049285888671875,0,-1,straight,left,False
frame_027331.jpg,0.020538330078125,0,0,straight,straight,True
frame_040427.jpg,-0.0498046875,0,-1,straight,left,False
frame_032389.jpg,0.311859130859375,1,0,right,straight,False
frame_035352.jpg,-0.069061279296875,-1,-1,left,left,True
frame_020902.jpg,0.0,0,0,straight,straight,True
frame_031230.jpg,0.0,0,0,straight,straight,True
frame_008381.jpg,0.044464111328125,0,0,straight,straight,True
frame_010101.jpg,0.251495361328125,1,-1,right,left,False
frame_044716.jpg,-0.11572265625,-1,-1,left,left,True
frame_017608.jpg,0.0,0,0,straight,straight,True
frame_043030.jpg,0.0,0,0,straight,straight,True
frame_033598.jpg,-0.029754638671875,0,-1,straight,left,False
frame_006648.jpg,0.0,0,0,straight,straight,True
frame_020078.jpg,0.0,0,1,straight,right,False
frame_011665.jpg,-0.229522705078125,-1,-1,left,left,True
frame_026109.jpg,0.0,0,0,straight,straight,True
frame_014961.jpg,0.2218017578125,1,1,right,right,True
frame_009109.jpg,0.049774169921875,0,0,straight,straight,True
frame_011817.jpg,0.0,0,0,straight,straight,True
frame_003086.jpg,0.0,0,0,straight,straight,True
frame_026946.jpg,0.054107666015625,1,1,right,right,True
frame_015151.jpg,0.0,0,0,straight,straight,True
frame_027007.jpg,0.210784912109375,1,1,right,right,True
frame_024902.jpg,0.204498291015625,1,-1,right,left,False
frame_046256.jpg,-0.173065185546875,-1,-1,left,left,True
frame_015009.jpg,0.2198486328125,1,0,right,straight,False
frame_015026.jpg,0.20501708984375,1,1,right,right,True
frame_039465.jpg,-0.061187744140625,-1,-1,left,left,True
frame_010270.jpg,0.06591796875,1,0,right,straight,False
frame_006010.jpg,0.09759521484375,1,1,right,right,True
frame_045862.jpg,-0.07611083984375,-1,-1,left,left,True
frame_021809.jpg,0.0,0,0,straight,straight,True
frame_035212.jpg,0.0,0,0,straight,straight,True
frame_002073.jpg,0.08111572265625,1,1,right,right,True
frame_042943.jpg,-0.141510009765625,-1,-1,left,left,True
frame_022832.jpg,-0.022705078125,0,-1,straight,left,False
frame_029938.jpg,0.0,0,-1,straight,left,False
frame_039256.jpg,-0.1751708984375,-1,-1,left,left,True
frame_025088.jpg,0.2603759765625,1,-1,right,left,False
frame_043791.jpg,0.114593505859375,1,1,right,right,True
frame_039348.jpg,-0.0687255859375,-1,0,left,straight,False
frame_047871.jpg,-0.0687255859375,-1,-1,left,left,True
frame_040171.jpg,0.0,0,-1,straight,left,False
frame_014453.jpg,-0.031585693359375,0,0,straight,straight,True
frame_020332.jpg,0.097503662109375,1,1,right,right,True
frame_030944.jpg,0.0,0,0,straight,straight,True
frame_028703.jpg,0.0,0,0,straight,straight,True
frame_012485.jpg,0.0,0,1,straight,right,False
frame_013286.jpg,0.0,0,0,straight,straight,True
frame_022561.jpg,0.0,0,0,straight,straight,True
frame_042777.jpg,0.0,0,0,straight,straight,True
frame_023143.jpg,-0.0419921875,0,0,straight,straight,True
frame_024853.jpg,0.0,0,-1,straight,left,False
frame_024760.jpg,0.022705078125,0,0,straight,straight,True
frame_042664.jpg,0.0,0,0,straight,straight,True
frame_043681.jpg,0.14288330078125,1,1,right,right,True
frame_000623.jpg,-0.04638671875,0,0,straight,straight,True
frame_025578.jpg,0.042999267578125,0,0,straight,straight,True
frame_025402.jpg,0.072540283203125,1,0,right,straight,False
frame_023183.jpg,0.0,0,0,straight,straight,True
frame_048387.jpg,0.0,0,0,straight,straight,True
frame_025452.jpg,0.061553955078125,1,1,right,right,True
frame_006805.jpg,0.0,0,0,straight,straight,True
frame_043223.jpg,-0.05078125,-1,0,left,straight,False
frame_038206.jpg,0.0,0,0,straight,straight,True
frame_000687.jpg,0.02838134765625,0,0,straight,straight,True
frame_026522.jpg,0.13336181640625,1,1,right,right,True
frame_013085.jpg,0.293914794921875,1,1,right,right,True
frame_020111.jpg,0.076812744140625,1,1,right,right,True
frame_044339.jpg,0.171295166015625,1,1,right,right,True
frame_015760.jpg,0.0,0,0,straight,straight,True
frame_043938.jpg,0.21905517578125,1,1,right,right,True
frame_009440.jpg,-0.05859375,-1,-1,left,left,True
frame_016292.jpg,0.092254638671875,1,-1,right,left,False
frame_010149.jpg,0.034912109375,0,-1,straight,left,False
frame_044210.jpg,0.0,0,-1,straight,left,False
frame_011711.jpg,0.038055419921875,0,0,straight,straight,True
frame_014237.jpg,0.0,0,0,straight,straight,True
frame_021302.jpg,-0.02435302734375,0,0,straight,straight,True
frame_035001.jpg,0.0,0,0,straight,straight,True
frame_029183.jpg,0.19122314453125,1,1,right,right,True
frame_000569.jpg,-0.032684326171875,0,1,straight,right,False
frame_043444.jpg,0.0,0,0,straight,straight,True
frame_004240.jpg,0.0,0,0,straight,straight,True
frame_019231.jpg,0.0,0,0,straight,straight,True
frame_000133.jpg,0.034515380859375,0,0,straight,straight,True
frame_014882.jpg,0.173919677734375,1,1,right,right,True
frame_048231.jpg,0.0,0,-1,straight,left,False
frame_037767.jpg,0.0,0,-1,straight,left,False
frame_029496.jpg,0.074859619140625,1,0,right,straight,False
frame_028920.jpg,0.040557861328125,0,0,straight,straight,True
frame_034474.jpg,0.0,0,0,straight,straight,True
frame_001184.jpg,0.050811767578125,1,0,right,straight,False
frame_022924.jpg,0.0,0,0,straight,straight,True
frame_000732.jpg,0.040924072265625,0,0,straight,straight,True
frame_043349.jpg,-0.176727294921875,-1,-1,left,left,True
frame_000849.jpg,0.0,0,0,straight,straight,True
frame_001734.jpg,0.0,0,0,straight,straight,True
frame_014855.jpg,0.133026123046875,1,1,right,right,True
frame_029990.jpg,0.0,0,0,straight,straight,True
frame_043337.jpg,-0.195709228515625,-1,-1,left,left,True
frame_030912.jpg,0.0,0,0,straight,straight,True
frame_023050.jpg,0.0,0,0,straight,straight,True
frame_017806.jpg,0.0,0,1,straight,right,False
frame_046190.jpg,-0.10491943359375,-1,-1,left,left,True
frame_027875.jpg,0.0,0,0,straight,straight,True
frame_000260.jpg,0.0,0,0,straight,straight,True
frame_012851.jpg,0.024658203125,0,0,straight,straight,True
frame_024586.jpg,0.16375732421875,1,1,right,right,True
frame_047789.jpg,-0.0576171875,-1,-1,left,left,True
frame_036814.jpg,-0.094146728515625,-1,-1,left,left,True
frame_029451.jpg,0.07391357421875,1,1,right,right,True
frame_047301.jpg,-0.050750732421875,-1,0,left,straight,False
frame_023507.jpg,0.0,0,0,straight,straight,True
frame_002189.jpg,0.093292236328125,1,1,right,right,True
frame_000431.jpg,0.0,0,0,straight,straight,True
frame_018797.jpg,0.0731201171875,1,1,right,right,True
frame_018970.jpg,0.128082275390625,1,1,right,right,True
frame_046397.jpg,0.0538330078125,1,-1,right,left,False
frame_043151.jpg,-0.06610107421875,-1,0,left,straight,False
frame_009435.jpg,-0.06243896484375,-1,-1,left,left,True
frame_038118.jpg,-0.061614990234375,-1,-1,left,left,True
frame_001166.jpg,0.050811767578125,1,1,right,right,True
frame_043553.jpg,0.024658203125,0,-1,straight,left,False
frame_035246.jpg,0.0,0,0,straight,straight,True
frame_000273.jpg,0.0,0,0,straight,straight,True
frame_011353.jpg,0.047393798828125,0,0,straight,straight,True
frame_039459.jpg,-0.045196533203125,0,-1,straight,left,False
frame_033818.jpg,-0.046844482421875,0,0,straight,straight,True
frame_023702.jpg,0.111602783203125,1,0,right,straight,False
frame_029551.jpg,0.07476806640625,1,1,right,right,True
frame_020904.jpg,0.0,0,0,straight,straight,True
frame_032237.jpg,0.0,0,0,straight,straight,True
frame_047863.jpg,-0.05987548828125,-1,-1,left,left,True
frame_020611.jpg,0.0,0,0,straight,straight,True
frame_016577.jpg,0.0,0,0,straight,straight,True
frame_000895.jpg,0.0,0,0,straight,straight,True
frame_025262.jpg,0.02215576171875,0,0,straight,straight,True
frame_028543.jpg,0.074371337890625,1,1,right,right,True
frame_044952.jpg,-0.232940673828125,-1,-1,left,left,True
frame_036514.jpg,-0.125396728515625,-1,-1,left,left,True
frame_046878.jpg,0.0,0,-1,straight,left,False
frame_017746.jpg,0.0,0,0,straight,straight,True
frame_046226.jpg,-0.148406982421875,-1,-1,left,left,True
frame_000720.jpg,0.046905517578125,0,0,straight,straight,True
frame_018124.jpg,0.0,0,0,straight,straight,True
frame_040110.jpg,-0.0208740234375,0,-1,straight,left,False
frame_042102.jpg,0.0,0,1,straight,right,False
frame_031902.jpg,0.02899169921875,0,0,straight,straight,True
frame_009034.jpg,-0.02508544921875,0,0,straight,straight,True
frame_030649.jpg,0.0,0,1,straight,right,False
frame_029562.jpg,0.088470458984375,1,1,right,right,True
frame_017631.jpg,0.0,0,0,straight,straight,True
frame_028206.jpg,-0.04107666015625,0,1,straight,right,False
frame_016865.jpg,0.0,0,1,straight,right,False
frame_046272.jpg,-0.170166015625,-1,-1,left,left,True
frame_036715.jpg,-0.17529296875,-1,-1,left,left,True
frame_037432.jpg,0.0,0,1,straight,right,False
frame_042275.jpg,0.0,0,0,straight,straight,True
frame_030723.jpg,0.16326904296875,1,1,right,right,True
frame_020428.jpg,0.104766845703125,1,-1,right,left,False
frame_008017.jpg,0.214874267578125,1,1,right,right,True
frame_033091.jpg,0.0,0,0,straight,straight,True
frame_020091.jpg,0.037872314453125,0,0,straight,straight,True
frame_046628.jpg,-0.045501708984375,0,-1,straight,left,False
frame_027659.jpg,-0.045623779296875,0,0,straight,straight,True
frame_004277.jpg,0.051788330078125,1,1,right,right,True
frame_045479.jpg,0.0,0,0,straight,straight,True
frame_007970.jpg,0.2437744140625,1,1,right,right,True
frame_048100.jpg,-0.245758056640625,-1,-1,left,left,True
frame_038421.jpg,-0.08905029296875,-1,-1,left,left,True
frame_033262.jpg,0.069671630859375,1,0,right,straight,False
frame_038219.jpg,-0.02880859375,0,0,straight,straight,True
frame_002359.jpg,0.097625732421875,1,1,right,right,True
frame_024497.jpg,0.104248046875,1,-1,right,left,False
frame_025391.jpg,0.0863037109375,1,1,right,right,True
frame_029994.jpg,0.0,0,0,straight,straight,True
frame_030331.jpg,0.0,0,0,straight,straight,True
frame_030167.jpg,0.08306884765625,1,1,right,right,True
frame_026047.jpg,0.0,0,0,straight,straight,True
frame_043081.jpg,0.0,0,0,straight,straight,True
frame_035275.jpg,-0.022308349609375,0,0,straight,straight,True
frame_039831.jpg,0.0,0,1,straight,right,False
frame_029895.jpg,0.0,0,0,straight,straight,True
frame_002950.jpg,-0.065887451171875,-1,-1,left,left,True
frame_036091.jpg,-0.100677490234375,-1,-1,left,left,True
frame_010131.jpg,0.100341796875,1,-1,right,left,False
frame_040466.jpg,-0.0616455078125,-1,-1,left,left,True
frame_018002.jpg,0.2100830078125,1,1,right,right,True
frame_012190.jpg,-0.0458984375,0,1,straight,right,False
frame_038708.jpg,0.0,0,1,straight,right,False
frame_043047.jpg,0.031341552734375,0,0,straight,straight,True
frame_040414.jpg,-0.0498046875,0,-1,straight,left,False
frame_045716.jpg,0.0,0,0,straight,straight,True
frame_038591.jpg,0.0419921875,0,1,straight,right,False
frame_034883.jpg,-0.0419921875,0,0,straight,straight,True
frame_016212.jpg,0.28460693359375,1,1,right,right,True
frame_020950.jpg,0.0,0,0,straight,straight,True
frame_022422.jpg,0.036163330078125,0,0,straight,straight,True
frame_025806.jpg,0.122955322265625,1,1,right,right,True
frame_021303.jpg,-0.02532958984375,0,0,straight,straight,True
frame_046889.jpg,0.0,0,-1,straight,left,False
frame_048234.jpg,0.0,0,1,straight,right,False
frame_048317.jpg,0.0,0,0,straight,straight,True
frame_016728.jpg,0.053497314453125,1,1,right,right,True
frame_013720.jpg,0.10614013671875,1,1,right,right,True
frame_021423.jpg,0.0,0,0,straight,straight,True
frame_042867.jpg,-0.081146240234375,-1,-1,left,left,True
frame_000568.jpg,-0.031707763671875,0,1,straight,right,False
frame_042840.jpg,-0.04229736328125,0,0,straight,straight,True
frame_020213.jpg,0.055938720703125,1,1,right,right,True
frame_002079.jpg,0.08111572265625,1,1,right,right,True
frame_042757.jpg,0.0,0,-1,straight,left,False
frame_039571.jpg,-0.05224609375,-1,-1,left,left,True
frame_031486.jpg,0.0,0,0,straight,straight,True
frame_041002.jpg,0.0,0,1,straight,right,False
frame_027083.jpg,0.14178466796875,1,1,right,right,True
frame_044935.jpg,-0.198974609375,-1,-1,left,left,True
frame_027287.jpg,0.0,0,0,straight,straight,True
frame_037779.jpg,0.0,0,1,straight,right,False
frame_022954.jpg,0.0,0,-1,straight,left,False
frame_020034.jpg,-0.02978515625,0,1,straight,right,False
frame_015413.jpg,0.040435791015625,0,0,straight,straight,True
frame_012472.jpg,0.0,0,0,straight,straight,True
frame_030688.jpg,0.089447021484375,1,1,right,right,True
frame_005468.jpg,0.06890869140625,1,1,right,right,True
frame_025176.jpg,0.0433349609375,0,-1,straight,left,False
frame_025892.jpg,0.0,0,0,straight,straight,True
frame_039877.jpg,0.0,0,-1,straight,left,False
frame_022621.jpg,-0.023773193359375,0,1,straight,right,False
frame_005605.jpg,-0.02691650390625,0,0,straight,straight,True
frame_041841.jpg,-0.064422607421875,-1,-1,left,left,True
frame_039115.jpg,0.0,0,0,straight,straight,True
frame_004404.jpg,-0.02880859375,0,-1,straight,left,False
frame_015997.jpg,0.0,0,0,straight,straight,True
frame_016890.jpg,0.04510498046875,0,0,straight,straight,True
frame_033076.jpg,0.0,0,0,straight,straight,True
frame_037492.jpg,0.0,0,1,straight,right,False
frame_006666.jpg,0.0,0,0,straight,straight,True
frame_035829.jpg,-0.237213134765625,-1,-1,left,left,True
frame_022208.jpg,0.147186279296875,1,1,right,right,True
frame_000053.jpg,0.048187255859375,0,1,straight,right,False
frame_027660.jpg,-0.043701171875,0,1,straight,right,False
frame_004922.jpg,0.0,0,0,straight,straight,True
frame_003867.jpg,0.132598876953125,1,-1,right,left,False
frame_003471.jpg,0.0467529296875,0,0,straight,straight,True
frame_023151.jpg,-0.021453857421875,0,0,straight,straight,True
frame_046085.jpg,-0.032012939453125,0,-1,straight,left,False
frame_020659.jpg,0.0,0,0,straight,straight,True
frame_009778.jpg,0.043487548828125,0,0,straight,straight,True
frame_047775.jpg,-0.0751953125,-1,-1,left,left,True
frame_045578.jpg,0.0,0,0,straight,straight,True
frame_019979.jpg,-0.04052734375,0,1,straight,right,False
frame_023704.jpg,0.110626220703125,1,1,right,right,True
frame_046004.jpg,0.0,0,0,straight,straight,True
frame_043850.jpg,-0.023101806640625,0,1,straight,right,False
frame_005751.jpg,0.125457763671875,1,1,right,right,True
frame_006042.jpg,0.0,0,0,straight,straight,True
frame_019349.jpg,0.0,0,1,straight,right,False
frame_028208.jpg,-0.049163818359375,0,-1,straight,left,False
frame_003348.jpg,0.0,0,0,straight,straight,True
frame_043629.jpg,0.045013427734375,0,0,straight,straight,True
frame_012142.jpg,-0.0224609375,0,0,straight,straight,True
frame_038265.jpg,0.039947509765625,0,0,straight,straight,True
frame_018771.jpg,0.06640625,1,1,right,right,True
frame_030724.jpg,0.1663818359375,1,1,right,right,True
frame_011465.jpg,0.174041748046875,1,1,right,right,True
frame_042168.jpg,-0.025360107421875,0,0,straight,straight,True
frame_016244.jpg,0.231689453125,1,1,right,right,True
frame_007523.jpg,-0.04638671875,0,0,straight,straight,True
frame_028494.jpg,0.27337646484375,1,1,right,right,True
frame_012072.jpg,-0.17828369140625,-1,-1,left,left,True
frame_009223.jpg,-0.112060546875,-1,-1,left,left,True
frame_021450.jpg,0.0,0,0,straight,straight,True
frame_001656.jpg,0.0,0,0,straight,straight,True
frame_034306.jpg,-0.1484375,-1,-1,left,left,True
frame_042816.jpg,-0.033416748046875,0,-1,straight,left,False
frame_025567.jpg,0.053985595703125,1,1,right,right,True
frame_007270.jpg,-0.08984375,-1,-1,left,left,True
frame_042758.jpg,0.0,0,-1,straight,left,False
frame_028245.jpg,0.0,0,0,straight,straight,True
frame_012149.jpg,-0.045654296875,0,1,straight,right,False
frame_001044.jpg,-0.024749755859375,0,0,straight,straight,True
frame_045497.jpg,0.0,0,-1,straight,left,False
frame_045177.jpg,-0.0633544921875,-1,-1,left,left,True
frame_017587.jpg,0.0,0,0,straight,straight,True
frame_047330.jpg,-0.02734375,0,0,straight,straight,True
frame_029060.jpg,0.083099365234375,1,1,right,right,True
frame_046308.jpg,-0.13525390625,-1,-1,left,left,True
frame_016258.jpg,0.205780029296875,1,1,right,right,True
frame_032540.jpg,0.0281982421875,0,0,straight,straight,True
frame_040287.jpg,-0.037384033203125,0,0,straight,straight,True
frame_000441.jpg,0.0,0,1,straight,right,False
frame_028812.jpg,0.0,0,0,straight,straight,True
frame_004786.jpg,0.0,0,1,straight,right,False
frame_027821.jpg,0.17999267578125,1,1,right,right,True
frame_045020.jpg,0.0,0,1,straight,right,False
frame_029912.jpg,0.025421142578125,0,0,straight,straight,True
frame_047214.jpg,0.0,0,0,straight,straight,True
frame_034406.jpg,0.049835205078125,0,0,straight,straight,True
frame_045167.jpg,-0.0653076171875,-1,0,left,straight,False
frame_037513.jpg,0.03839111328125,0,0,straight,straight,True
frame_025778.jpg,0.240203857421875,1,1,right,right,True
frame_012482.jpg,0.0,0,1,straight,right,False
frame_048278.jpg,0.030609130859375,0,0,straight,straight,True
frame_007518.jpg,-0.04833984375,0,0,straight,straight,True
frame_038993.jpg,0.0,0,0,straight,straight,True
frame_024601.jpg,0.176361083984375,1,1,right,right,True
frame_029015.jpg,0.0,0,1,straight,right,False
frame_020254.jpg,0.06451416015625,1,1,right,right,True
frame_046321.jpg,-0.117584228515625,-1,1,left,right,False
frame_011423.jpg,0.2447509765625,1,-1,right,left,False
frame_030328.jpg,0.0,0,0,straight,straight,True
frame_033770.jpg,0.039642333984375,0,1,straight,right,False
frame_007786.jpg,0.0,0,1,straight,right,False
frame_047693.jpg,-0.04925537109375,0,-1,straight,left,False
frame_021594.jpg,0.0,0,0,straight,straight,True
frame_005447.jpg,0.0650634765625,1,1,right,right,True
frame_013318.jpg,0.0,0,0,straight,straight,True
frame_023236.jpg,0.0,0,0,straight,straight,True
frame_036554.jpg,0.048370361328125,0,-1,straight,left,False
frame_003303.jpg,0.0,0,0,straight,straight,True
frame_008549.jpg,0.0,0,0,straight,straight,True
frame_030295.jpg,0.0,0,1,straight,right,False
frame_032819.jpg,0.157745361328125,1,1,right,right,True
frame_023102.jpg,0.0,0,-1,straight,left,False
frame_021498.jpg,0.0,0,0,straight,straight,True
frame_016537.jpg,-0.16473388671875,-1,0,left,straight,False
frame_042990.jpg,-0.13665771484375,-1,-1,left,left,True
frame_041977.jpg,-0.021942138671875,0,0,straight,straight,True
frame_026021.jpg,0.0,0,0,straight,straight,True
frame_020772.jpg,0.0,0,0,straight,straight,True
frame_018417.jpg,0.052276611328125,1,1,right,right,True
frame_002231.jpg,0.049957275390625,0,0,straight,straight,True
frame_013712.jpg,0.09356689453125,1,1,right,right,True
frame_015855.jpg,0.051361083984375,1,0,right,straight,False
frame_039114.jpg,0.0,0,0,straight,straight,True
frame_046580.jpg,0.046539306640625,0,-1,straight,left,False
frame_031134.jpg,0.037445068359375,0,-1,straight,left,False
frame_017876.jpg,0.2071533203125,1,1,right,right,True
frame_032001.jpg,0.283447265625,1,1,right,right,True
frame_040531.jpg,-0.0743408203125,-1,-1,left,left,True
frame_025617.jpg,0.0,0,0,straight,straight,True
frame_044711.jpg,-0.121551513671875,-1,-1,left,left,True
frame_035523.jpg,-0.05712890625,-1,-1,left,left,True
frame_027278.jpg,0.0,0,1,straight,right,False
frame_040292.jpg,-0.0474853515625,0,0,straight,straight,True
frame_013914.jpg,0.0323486328125,0,0,straight,straight,True
frame_032223.jpg,0.037628173828125,0,0,straight,straight,True
frame_045729.jpg,-0.0498046875,0,-1,straight,left,False
frame_002611.jpg,0.0,0,0,straight,straight,True
frame_015304.jpg,0.0,0,0,straight,straight,True
frame_018555.jpg,0.0,0,0,straight,straight,True
frame_031457.jpg,0.0,0,0,straight,straight,True
frame_024022.jpg,0.271636962890625,1,1,right,right,True
frame_029377.jpg,-0.047515869140625,0,-1,straight,left,False
frame_027327.jpg,0.0,0,0,straight,straight,True
frame_015739.jpg,0.0760498046875,1,1,right,right,True
frame_000743.jpg,0.0,0,0,straight,straight,True
frame_004232.jpg,-0.02532958984375,0,0,straight,straight,True
frame_030372.jpg,0.0,0,0,straight,straight,True
frame_041468.jpg,0.0,0,0,straight,straight,True
frame_030666.jpg,0.035186767578125,0,1,straight,right,False
frame_025605.jpg,0.0,0,0,straight,straight,True
frame_035591.jpg,0.0,0,-1,straight,left,False
frame_024991.jpg,0.131805419921875,1,-1,right,left,False
frame_045903.jpg,-0.0517578125,-1,-1,left,left,True
frame_040231.jpg,0.064605712890625,1,-1,right,left,False
frame_010108.jpg,0.22796630859375,1,1,right,right,True
frame_039178.jpg,-0.07196044921875,-1,1,left,right,False
frame_001942.jpg,0.093017578125,1,1,right,right,True
frame_001515.jpg,-0.038421630859375,0,0,straight,straight,True
frame_010571.jpg,0.03790283203125,0,1,straight,right,False
frame_034088.jpg,0.0,0,1,straight,right,False
frame_010180.jpg,-0.0552978515625,-1,-1,left,left,True
frame_017269.jpg,0.119598388671875,1,1,right,right,True
frame_042068.jpg,0.0,0,1,straight,right,False
frame_007476.jpg,-0.05987548828125,-1,-1,left,left,True
frame_002093.jpg,0.08404541015625,1,1,right,right,True
frame_030136.jpg,0.0697021484375,1,1,right,right,True
frame_016859.jpg,-0.03460693359375,0,1,straight,right,False
frame_004675.jpg,0.0,0,0,straight,straight,True
frame_047138.jpg,0.0,0,0,straight,straight,True
frame_028262.jpg,0.0684814453125,1,1,right,right,True
frame_045450.jpg,0.0,0,0,straight,straight,True
frame_015204.jpg,0.030792236328125,0,0,straight,straight,True
frame_038062.jpg,-0.085906982421875,-1,-1,left,left,True
frame_028439.jpg,0.1883544921875,1,1,right,right,True
frame_033388.jpg,0.0,0,-1,straight,left,False
frame_042146.jpg,0.0,0,1,straight,right,False
frame_004023.jpg,-0.046051025390625,0,0,straight,straight,True
frame_014997.jpg,0.2208251953125,1,1,right,right,True
frame_041829.jpg,-0.072174072265625,-1,-1,left,left,True
frame_005301.jpg,0.09381103515625,1,1,right,right,True
frame_030805.jpg,0.23663330078125,1,1,right,right,True
frame_015099.jpg,0.031707763671875,0,0,straight,straight,True
frame_028906.jpg,0.036651611328125,0,0,straight,straight,True
frame_024936.jpg,-0.0286865234375,0,0,straight,straight,True
frame_039730.jpg,-0.058319091796875,-1,-1,left,left,True
frame_018437.jpg,0.047393798828125,0,1,straight,right,False
frame_031977.jpg,0.10546875,1,1,right,right,True
frame_028722.jpg,-0.0338134765625,0,0,straight,straight,True
frame_024980.jpg,0.068145751953125,1,1,right,right,True
frame_012009.jpg,-0.324554443359375,-1,-1,left,left,True
frame_018967.jpg,0.133087158203125,1,1,right,right,True
frame_025924.jpg,0.0,0,0,straight,straight,True
frame_028653.jpg,0.023956298828125,0,-1,straight,left,False
frame_027466.jpg,-0.040863037109375,0,0,straight,straight,True
frame_025017.jpg,0.24212646484375,1,-1,right,left,False
frame_021579.jpg,0.0,0,0,straight,straight,True
frame_044623.jpg,-0.1048583984375,-1,1,left,right,False
frame_022467.jpg,0.0,0,0,straight,straight,True
frame_036704.jpg,-0.17431640625,-1,-1,left,left,True
frame_037274.jpg,-0.06396484375,-1,-1,left,left,True
frame_018388.jpg,0.052276611328125,1,1,right,right,True
frame_041058.jpg,-0.031585693359375,0,0,straight,straight,True
frame_044253.jpg,0.0,0,0,straight,straight,True
frame_000543.jpg,0.0,0,-1,straight,left,False
frame_045887.jpg,-0.0625,-1,-1,left,left,True
frame_017940.jpg,0.2296142578125,1,-1,right,left,False
frame_020466.jpg,0.051055908203125,1,0,right,straight,False
frame_028630.jpg,0.0,0,-1,straight,left,False
frame_026191.jpg,0.022552490234375,0,1,straight,right,False
frame_038830.jpg,0.0,0,0,straight,straight,True
frame_029322.jpg,0.034454345703125,0,0,straight,straight,True
frame_028489.jpg,0.27337646484375,1,1,right,right,True
frame_009818.jpg,0.0,0,0,straight,straight,True
frame_036831.jpg,0.0,0,0,straight,straight,True
frame_032286.jpg,0.0,0,0,straight,straight,True
frame_022231.jpg,0.11859130859375,1,1,right,right,True
frame_028943.jpg,0.0,0,0,straight,straight,True
frame_015750.jpg,0.039459228515625,0,0,straight,straight,True
frame_010032.jpg,0.294891357421875,1,1,right,right,True
frame_027640.jpg,0.0,0,1,straight,right,False
frame_039255.jpg,-0.1751708984375,-1,-1,left,left,True
frame_013334.jpg,0.0,0,0,straight,straight,True
frame_016903.jpg,0.05865478515625,1,1,right,right,True
frame_016519.jpg,-0.087890625,-1,0,left,straight,False
frame_041850.jpg,-0.060546875,-1,0,left,straight,False
frame_023458.jpg,0.10113525390625,1,0,right,straight,False
frame_023793.jpg,0.057281494140625,1,1,right,right,True
frame_041036.jpg,-0.03350830078125,0,0,straight,straight,True
frame_046393.jpg,0.04901123046875,0,-1,straight,left,False
frame_030590.jpg,0.0,0,0,straight,straight,True
frame_039542.jpg,-0.06201171875,-1,-1,left,left,True
frame_022436.jpg,0.042999267578125,0,0,straight,straight,True
frame_019532.jpg,0.0,0,0,straight,straight,True
frame_032537.jpg,0.0233154296875,0,0,straight,straight,True
frame_003268.jpg,0.0,0,0,straight,straight,True
frame_015989.jpg,0.0,0,0,straight,straight,True
frame_000655.jpg,0.0,0,0,straight,straight,True
frame_011763.jpg,0.02197265625,0,0,straight,straight,True
frame_006085.jpg,-0.0426025390625,0,1,straight,right,False
frame_032287.jpg,0.0,0,0,straight,straight,True
frame_047995.jpg,-0.024932861328125,0,0,straight,straight,True
frame_029877.jpg,0.0,0,1,straight,right,False
frame_021746.jpg,0.0,0,0,straight,straight,True
frame_020573.jpg,0.036376953125,0,0,straight,straight,True
frame_012907.jpg,-0.320404052734375,-1,-1,left,left,True
frame_026573.jpg,0.277008056640625,1,1,right,right,True
frame_047848.jpg,-0.0419921875,0,-1,straight,left,False
frame_035077.jpg,0.0,0,0,straight,straight,True
frame_042156.jpg,0.0,0,1,straight,right,False
frame_001710.jpg,-0.024993896484375,0,0,straight,straight,True
frame_041491.jpg,0.0,0,1,straight,right,False
frame_025021.jpg,0.243072509765625,1,-1,right,left,False
frame_044460.jpg,0.085113525390625,1,1,right,right,True
frame_015885.jpg,0.030426025390625,0,0,straight,straight,True
frame_020634.jpg,0.0,0,0,straight,straight,True
frame_008449.jpg,0.044464111328125,0,0,straight,straight,True
frame_025109.jpg,0.27392578125,1,-1,right,left,False
frame_025283.jpg,0.0,0,0,straight,straight,True
frame_018015.jpg,0.2042236328125,1,1,right,right,True
frame_006422.jpg,0.050811767578125,1,0,right,straight,False
frame_012771.jpg,-0.084381103515625,-1,0,left,straight,False
frame_002424.jpg,0.0,0,0,straight,straight,True
frame_022465.jpg,0.0,0,0,straight,straight,True
frame_032657.jpg,0.06939697265625,1,0,right,straight,False
frame_041335.jpg,-0.02435302734375,0,-1,straight,left,False
frame_009671.jpg,0.0,0,-1,straight,left,False
frame_028644.jpg,0.021026611328125,0,-1,straight,left,False
frame_031181.jpg,-0.0267333984375,0,0,straight,straight,True
frame_015803.jpg,0.0,0,0,straight,straight,True
frame_023762.jpg,0.0,0,1,straight,right,False
frame_029939.jpg,0.0,0,0,straight,straight,True
frame_029044.jpg,0.0,0,0,straight,straight,True
frame_007251.jpg,-0.14495849609375,-1,-1,left,left,True
frame_005543.jpg,0.10113525390625,1,1,right,right,True
frame_007368.jpg,0.0,0,0,straight,straight,True
frame_030489.jpg,0.0,0,1,straight,right,False
frame_007492.jpg,-0.061859130859375,-1,-1,left,left,True
frame_027206.jpg,0.0,0,1,straight,right,False
frame_004564.jpg,-0.0731201171875,-1,-1,left,left,True
frame_039003.jpg,0.0,0,0,straight,straight,True
frame_030730.jpg,0.1832275390625,1,1,right,right,True
frame_006088.jpg,-0.036712646484375,0,1,straight,right,False
frame_037856.jpg,0.0,0,1,straight,right,False
frame_005567.jpg,0.088348388671875,1,1,right,right,True
frame_016371.jpg,0.080413818359375,1,1,right,right,True
frame_036357.jpg,-0.08856201171875,-1,-1,left,left,True
frame_025539.jpg,0.109375,1,1,right,right,True
frame_036868.jpg,0.034210205078125,0,0,straight,straight,True
frame_000249.jpg,0.0,0,0,straight,straight,True
frame_045111.jpg,0.03033447265625,0,0,straight,straight,True
frame_011275.jpg,0.0,0,0,straight,straight,True
frame_040786.jpg,0.02398681640625,0,0,straight,straight,True
frame_048143.jpg,-0.197723388671875,-1,-1,left,left,True
frame_031654.jpg,0.0,0,0,straight,straight,True
frame_038543.jpg,-0.172698974609375,-1,0,left,straight,False
frame_014051.jpg,-0.03350830078125,0,0,straight,straight,True
frame_041200.jpg,-0.04840087890625,0,0,straight,straight,True
frame_000187.jpg,0.0,0,0,straight,straight,True
frame_010365.jpg,0.0,0,0,straight,straight,True
frame_011335.jpg,0.021026611328125,0,0,straight,straight,True
frame_046278.jpg,-0.16241455078125,-1,-1,left,left,True
frame_030615.jpg,-0.026031494140625,0,0,straight,straight,True
frame_039004.jpg,0.0,0,0,straight,straight,True
frame_031738.jpg,0.12213134765625,1,1,right,right,True
frame_009345.jpg,0.07275390625,1,0,right,straight,False
frame_012628.jpg,-0.36822509765625,-1,-1,left,left,True
frame_027402.jpg,-0.03533935546875,0,1,straight,right,False
frame_028324.jpg,0.0,0,0,straight,straight,True
frame_033020.jpg,0.02020263671875,0,1,straight,right,False
frame_045113.jpg,0.033233642578125,0,0,straight,straight,True
frame_035803.jpg,-0.20074462890625,-1,-1,left,left,True
frame_008587.jpg,0.020538330078125,0,0,straight,straight,True
frame_001029.jpg,0.0,0,0,straight,straight,True
frame_044258.jpg,0.0,0,0,straight,straight,True
frame_014365.jpg,0.043975830078125,0,1,straight,right,False
frame_000082.jpg,0.048187255859375,0,0,straight,straight,True
frame_037601.jpg,-0.042724609375,0,-1,straight,left,False
frame_022623.jpg,-0.023773193359375,0,0,straight,straight,True
frame_028165.jpg,0.041748046875,0,1,straight,right,False
frame_033193.jpg,0.08892822265625,1,1,right,right,True
frame_046775.jpg,0.0,0,-1,straight,left,False
frame_027487.jpg,-0.07391357421875,-1,-1,left,left,True
frame_007389.jpg,0.029327392578125,0,0,straight,straight,True
frame_042062.jpg,0.0,0,0,straight,straight,True
frame_034864.jpg,-0.0498046875,0,-1,straight,left,False
frame_000700.jpg,0.045928955078125,0,0,straight,straight,True
frame_021666.jpg,0.0,0,0,straight,straight,True
frame_031004.jpg,0.0,0,0,straight,straight,True
frame_024412.jpg,-0.066375732421875,-1,-1,left,left,True
frame_046892.jpg,0.0,0,-1,straight,left,False
frame_026549.jpg,0.23199462890625,1,1,right,right,True
frame_034247.jpg,-0.218597412109375,-1,-1,left,left,True
frame_034659.jpg,-0.036285400390625,0,-1,straight,left,False
frame_036827.jpg,0.0,0,0,straight,straight,True
frame_040860.jpg,-0.046173095703125,0,0,straight,straight,True
frame_018821.jpg,0.090484619140625,1,1,right,right,True
frame_013894.jpg,0.0819091796875,1,0,right,straight,False
frame_045124.jpg,0.02923583984375,0,0,straight,straight,True
frame_010701.jpg,-0.552734375,-1,1,left,right,False
frame_019039.jpg,0.0,0,0,straight,straight,True
frame_037772.jpg,0.0,0,-1,straight,left,False
frame_006939.jpg,-0.039215087890625,0,0,straight,straight,True
frame_028234.jpg,-0.027435302734375,0,0,straight,straight,True
frame_039134.jpg,0.0,0,1,straight,right,False
frame_022415.jpg,0.032257080078125,0,0,straight,straight,True
frame_036832.jpg,0.0,0,0,straight,straight,True
frame_047385.jpg,-0.096282958984375,-1,-1,left,left,True
frame_016485.jpg,0.0,0,-1,straight,left,False
frame_031461.jpg,0.0,0,0,straight,straight,True
frame_035434.jpg,-0.06146240234375,-1,-1,left,left,True
frame_038079.jpg,-0.07025146484375,-1,-1,left,left,True
frame_031672.jpg,0.035186767578125,0,0,straight,straight,True
frame_028184.jpg,0.061492919921875,1,-1,right,left,False
frame_034746.jpg,-0.079864501953125,-1,-1,left,left,True
frame_041062.jpg,-0.031585693359375,0,0,straight,straight,True
frame_018539.jpg,0.0,0,0,straight,straight,True
frame_019522.jpg,0.0,0,0,straight,straight,True
frame_011511.jpg,0.080535888671875,1,1,right,right,True
frame_026025.jpg,0.0,0,0,straight,straight,True
frame_002205.jpg,0.065643310546875,1,1,right,right,True
frame_038802.jpg,0.0,0,0,straight,straight,True
frame_009663.jpg,-0.0224609375,0,-1,straight,left,False
frame_023046.jpg,0.0,0,-1,straight,left,False
frame_001417.jpg,0.0,0,0,straight,straight,True
frame_022450.jpg,0.0311279296875,0,0,straight,straight,True
frame_007434.jpg,0.03802490234375,0,1,straight,right,False
frame_033641.jpg,0.0,0,1,straight,right,False
frame_035012.jpg,0.0,0,-1,straight,left,False
frame_005240.jpg,0.040557861328125,0,1,straight,right,False
frame_014207.jpg,0.033233642578125,0,0,straight,straight,True
frame_006360.jpg,0.0,0,0,straight,straight,True
frame_011752.jpg,0.043914794921875,0,0,straight,straight,True
frame_020961.jpg,0.0,0,0,straight,straight,True
frame_010796.jpg,-0.1785888671875,-1,-1,left,left,True
frame_029750.jpg,0.02471923828125,0,1,straight,right,False
frame_002754.jpg,-0.047576904296875,0,0,straight,straight,True
frame_045191.jpg,-0.0537109375,-1,-1,left,left,True
frame_014951.jpg,0.2247314453125,1,1,right,right,True
frame_040608.jpg,-0.0687255859375,-1,0,left,straight,False
frame_047768.jpg,-0.07708740234375,-1,-1,left,left,True
frame_042857.jpg,-0.06207275390625,-1,0,left,straight,False
frame_024020.jpg,0.271636962890625,1,1,right,right,True
frame_007458.jpg,-0.020782470703125,0,-1,straight,left,False
frame_042623.jpg,0.0,0,0,straight,straight,True
frame_044830.jpg,0.0,0,0,straight,straight,True
frame_016072.jpg,0.0,0,0,straight,straight,True
frame_009898.jpg,0.0,0,0,straight,straight,True
frame_017489.jpg,-0.03082275390625,0,0,straight,straight,True
frame_027451.jpg,0.039794921875,0,0,straight,straight,True
frame_021148.jpg,0.0,0,0,straight,straight,True
frame_018961.jpg,0.141998291015625,1,1,right,right,True
frame_008446.jpg,0.044464111328125,0,0,straight,straight,True
frame_033194.jpg,0.08990478515625,1,0,right,straight,False
frame_024534.jpg,0.11102294921875,1,0,right,straight,False
frame_027202.jpg,0.0,0,1,straight,right,False
frame_002416.jpg,0.0,0,0,straight,straight,True
frame_041669.jpg,0.0,0,0,straight,straight,True
frame_022443.jpg,0.0369873046875,0,0,straight,straight,True
frame_007307.jpg,0.034576416015625,0,0,straight,straight,True
frame_034862.jpg,-0.0498046875,0,-1,straight,left,False
frame_030942.jpg,0.0,0,-1,straight,left,False
frame_015808.jpg,0.0,0,0,straight,straight,True
frame_031443.jpg,0.0,0,0,straight,straight,True
frame_044922.jpg,-0.155914306640625,-1,-1,left,left,True
frame_012283.jpg,0.027374267578125,0,1,straight,right,False
frame_006237.jpg,-0.03271484375,0,0,straight,straight,True
frame_030477.jpg,0.0,0,0,straight,straight,True
frame_001266.jpg,-0.0316162109375,0,0,straight,straight,True
frame_038685.jpg,0.0,0,0,straight,straight,True
frame_030142.jpg,0.072601318359375,1,1,right,right,True
frame_040653.jpg,-0.04931640625,0,0,straight,straight,True
frame_009711.jpg,0.0,0,-1,straight,left,False
frame_020652.jpg,0.0,0,0,straight,straight,True
frame_037137.jpg,-0.05987548828125,-1,-1,left,left,True
frame_047321.jpg,-0.03125,0,0,straight,straight,True
frame_036292.jpg,0.0,0,1,straight,right,False
frame_006361.jpg,0.0,0,-1,straight,left,False
frame_038603.jpg,0.04693603515625,0,0,straight,straight,True
frame_007556.jpg,0.0,0,0,straight,straight,True
frame_002633.jpg,-0.031951904296875,0,0,straight,straight,True
frame_036721.jpg,-0.17626953125,-1,-1,left,left,True
frame_006685.jpg,0.0,0,0,straight,straight,True
frame_003068.jpg,0.0,0,-1,straight,left,False
frame_000950.jpg,0.0,0,0,straight,straight,True
frame_022197.jpg,0.140350341796875,1,1,right,right,True
frame_045691.jpg,0.0,0,0,straight,straight,True
frame_042650.jpg,0.0,0,0,straight,straight,True
frame_045657.jpg,0.0,0,0,straight,straight,True
frame_047550.jpg,0.0,0,0,straight,straight,True
frame_015783.jpg,0.0,0,0,straight,straight,True
frame_007724.jpg,0.0,0,0,straight,straight,True
frame_032018.jpg,0.29608154296875,1,1,right,right,True
frame_024753.jpg,0.055816650390625,1,0,right,straight,False
frame_002690.jpg,0.056182861328125,1,0,right,straight,False
frame_030890.jpg,0.042816162109375,0,0,straight,straight,True
frame_018374.jpg,0.052276611328125,1,1,right,right,True
frame_004590.jpg,0.021636962890625,0,0,straight,straight,True
frame_012272.jpg,0.0,0,1,straight,right,False
frame_001564.jpg,-0.02490234375,0,0,straight,straight,True
frame_003825.jpg,0.044219970703125,0,1,straight,right,False
frame_016161.jpg,0.309539794921875,1,1,right,right,True
frame_006636.jpg,0.032745361328125,0,0,straight,straight,True
frame_030703.jpg,0.112945556640625,1,-1,right,left,False
frame_039768.jpg,0.0,0,0,straight,straight,True
frame_042394.jpg,-0.100067138671875,-1,-1,left,left,True
frame_010127.jpg,0.119781494140625,1,-1,right,left,False
frame_016348.jpg,0.0,0,1,straight,right,False
frame_020633.jpg,0.0,0,0,straight,straight,True
frame_038150.jpg,-0.0694580078125,-1,-1,left,left,True
frame_035949.jpg,0.041168212890625,0,1,straight,right,False
frame_043530.jpg,0.03546142578125,0,-1,straight,left,False
frame_042018.jpg,0.0,0,0,straight,straight,True
frame_011757.jpg,0.03692626953125,0,0,straight,straight,True
frame_001780.jpg,0.0,0,0,straight,straight,True
frame_010161.jpg,-0.02069091796875,0,1,straight,right,False
frame_005757.jpg,0.14013671875,1,1,right,right,True
frame_026528.jpg,0.161712646484375,1,1,right,right,True
frame_000024.jpg,0.07086181640625,1,1,right,right,True
frame_012065.jpg,-0.209442138671875,-1,-1,left,left,True
frame_005538.jpg,0.10308837890625,1,1,right,right,True
frame_032924.jpg,0.0,0,-1,straight,left,False
frame_033902.jpg,0.0,0,1,straight,right,False
frame_034338.jpg,-0.126953125,-1,-1,left,left,True
frame_009408.jpg,-0.071075439453125,-1,0,left,straight,False
frame_014219.jpg,0.029266357421875,0,0,straight,straight,True
frame_033667.jpg,0.0,0,0,straight,straight,True
frame_020386.jpg,0.134246826171875,1,1,right,right,True
frame_000191.jpg,0.0,0,0,straight,straight,True
frame_013576.jpg,0.0,0,0,straight,straight,True
frame_028685.jpg,0.0,0,0,straight,straight,True
frame_010955.jpg,0.0,0,-1,straight,left,False
frame_001006.jpg,0.0,0,0,straight,straight,True
frame_041369.jpg,0.0,0,1,straight,right,False
frame_004536.jpg,-0.0875244140625,-1,-1,left,left,True
frame_033337.jpg,0.04827880859375,0,1,straight,right,False
frame_011982.jpg,-0.311676025390625,-1,-1,left,left,True
frame_030600.jpg,-0.0260009765625,0,0,straight,straight,True
frame_003235.jpg,-0.049560546875,0,0,straight,straight,True
frame_046603.jpg,0.0,0,0,straight,straight,True
frame_043283.jpg,-0.098876953125,-1,1,left,right,False
frame_014241.jpg,0.0,0,0,straight,straight,True
frame_006358.jpg,0.0,0,0,straight,straight,True
frame_006377.jpg,0.0,0,0,straight,straight,True
frame_004374.jpg,-0.044403076171875,0,1,straight,right,False
frame_029845.jpg,-0.036102294921875,0,-1,straight,left,False
frame_014991.jpg,0.2208251953125,1,1,right,right,True
frame_011151.jpg,0.0,0,0,straight,straight,True
frame_021757.jpg,0.0,0,0,straight,straight,True
frame_008686.jpg,-0.027069091796875,0,0,straight,straight,True
frame_031416.jpg,-0.02459716796875,0,0,straight,straight,True
frame_008783.jpg,0.2125244140625,1,1,right,right,True
frame_034514.jpg,0.0,0,-1,straight,left,False
frame_015380.jpg,-0.063385009765625,-1,1,left,right,False
frame_000784.jpg,-0.0240478515625,0,0,straight,straight,True
frame_045986.jpg,0.0,0,0,straight,straight,True
frame_047282.jpg,-0.0711669921875,-1,-1,left,left,True
frame_015463.jpg,0.073760986328125,1,0,right,straight,False
frame_038399.jpg,0.0,0,-1,straight,left,False
frame_045874.jpg,-0.0634765625,-1,-1,left,left,True
frame_002492.jpg,0.050323486328125,1,1,right,right,True
frame_036683.jpg,-0.17431640625,-1,-1,left,left,True
frame_044322.jpg,0.11431884765625,1,1,right,right,True
frame_020946.jpg,0.0,0,0,straight,straight,True
frame_047557.jpg,0.0,0,0,straight,straight,True
frame_035824.jpg,-0.237213134765625,-1,-1,left,left,True
frame_015758.jpg,0.021392822265625,0,1,straight,right,False
frame_002684.jpg,0.05230712890625,1,0,right,straight,False
frame_043529.jpg,0.03546142578125,0,0,straight,straight,True
frame_004120.jpg,0.0465087890625,0,-1,straight,left,False
frame_021733.jpg,0.0,0,0,straight,straight,True
frame_002264.jpg,-0.03466796875,0,0,straight,straight,True
frame_009996.jpg,0.265289306640625,1,-1,right,left,False
frame_012035.jpg,-0.29534912109375,-1,-1,left,left,True
frame_034309.jpg,-0.14453125,-1,-1,left,left,True
frame_008878.jpg,0.19268798828125,1,1,right,right,True
frame_028554.jpg,0.031585693359375,0,0,straight,straight,True
frame_019856.jpg,0.0,0,0,straight,straight,True
frame_042230.jpg,0.0,0,-1,straight,left,False
frame_033117.jpg,0.024932861328125,0,0,straight,straight,True
frame_024521.jpg,0.11492919921875,1,0,right,straight,False
frame_037729.jpg,0.0,0,-1,straight,left,False
frame_019822.jpg,0.0,0,0,straight,straight,True
frame_028865.jpg,0.0,0,0,straight,straight,True
frame_046940.jpg,0.0,0,0,straight,straight,True
frame_004650.jpg,0.0,0,0,straight,straight,True
frame_008945.jpg,0.1234130859375,1,-1,right,left,False
frame_044476.jpg,0.0,0,0,straight,straight,True
frame_042959.jpg,-0.142486572265625,-1,-1,left,left,True
frame_022830.jpg,0.0,0,-1,straight,left,False
frame_000522.jpg,0.046905517578125,0,0,straight,straight,True
frame_037913.jpg,-0.073974609375,-1,-1,left,left,True
frame_035654.jpg,0.0,0,0,straight,straight,True
frame_014224.jpg,0.0,0,1,straight,right,False
frame_010075.jpg,0.28216552734375,1,1,right,right,True
frame_031318.jpg,0.2728271484375,1,1,right,right,True
frame_001552.jpg,-0.03369140625,0,0,straight,straight,True
frame_018678.jpg,0.0,0,0,straight,straight,True
frame_014411.jpg,0.0,0,-1,straight,left,False
frame_033112.jpg,0.0,0,0,straight,straight,True
frame_047491.jpg,0.0,0,0,straight,straight,True
frame_018383.jpg,0.052276611328125,1,1,right,right,True
frame_035009.jpg,0.0,0,0,straight,straight,True
frame_016869.jpg,0.0,0,0,straight,straight,True
frame_043324.jpg,-0.17779541015625,-1,-1,left,left,True
frame_039512.jpg,-0.07568359375,-1,-1,left,left,True
frame_047410.jpg,-0.106170654296875,-1,-1,left,left,True
frame_042167.jpg,-0.023406982421875,0,1,straight,right,False
frame_008877.jpg,0.196746826171875,1,1,right,right,True
frame_008084.jpg,0.095489501953125,1,0,right,straight,False
frame_047407.jpg,-0.106170654296875,-1,-1,left,left,True
frame_032055.jpg,0.157958984375,1,1,right,right,True
frame_036387.jpg,-0.210052490234375,-1,-1,left,left,True
frame_043420.jpg,0.0,0,0,straight,straight,True
frame_031464.jpg,0.0,0,0,straight,straight,True
frame_018570.jpg,0.0,0,0,straight,straight,True
frame_005933.jpg,0.13092041015625,1,1,right,right,True
frame_036746.jpg,-0.17041015625,-1,-1,left,left,True
frame_001217.jpg,0.03411865234375,0,0,straight,straight,True
frame_047909.jpg,-0.03369140625,0,0,straight,straight,True
frame_033132.jpg,0.05426025390625,1,1,right,right,True
frame_011293.jpg,0.0,0,0,straight,straight,True
frame_000737.jpg,0.033050537109375,0,0,straight,straight,True
frame_046158.jpg,-0.05535888671875,-1,0,left,straight,False
frame_008373.jpg,0.044464111328125,0,0,straight,straight,True
frame_025516.jpg,0.11431884765625,1,0,right,straight,False
frame_008226.jpg,0.08404541015625,1,1,right,right,True
frame_019034.jpg,0.0,0,0,straight,straight,True
frame_003612.jpg,0.079559326171875,1,1,right,right,True
frame_027372.jpg,-0.02191162109375,0,0,straight,straight,True
frame_003105.jpg,0.0,0,-1,straight,left,False
frame_025763.jpg,0.272705078125,1,1,right,right,True
frame_010285.jpg,0.066864013671875,1,1,right,right,True
frame_014688.jpg,0.066192626953125,1,0,right,straight,False
frame_047444.jpg,0.0,0,1,straight,right,False
frame_028810.jpg,0.0,0,0,straight,straight,True
frame_011987.jpg,-0.32159423828125,-1,-1,left,left,True
frame_025807.jpg,0.11883544921875,1,1,right,right,True
frame_023662.jpg,0.147064208984375,1,0,right,straight,False
frame_026633.jpg,0.1636962890625,1,1,right,right,True
frame_020379.jpg,0.134246826171875,1,1,right,right,True
frame_034429.jpg,0.0,0,0,straight,straight,True
frame_009478.jpg,0.028900146484375,0,1,straight,right,False
frame_016746.jpg,0.049591064453125,0,1,straight,right,False
frame_031814.jpg,0.09014892578125,1,1,right,right,True
frame_020856.jpg,0.029266357421875,0,0,straight,straight,True
frame_029634.jpg,0.088348388671875,1,1,right,right,True
frame_007201.jpg,-0.17413330078125,-1,1,left,right,False
frame_017709.jpg,0.0,0,0,straight,straight,True
frame_042688.jpg,0.020050048828125,0,0,straight,straight,True
frame_018543.jpg,0.0,0,0,straight,straight,True
frame_047541.jpg,0.0,0,-1,straight,left,False
frame_011794.jpg,-0.020965576171875,0,0,straight,straight,True
frame_006460.jpg,0.047882080078125,0,0,straight,straight,True
frame_046844.jpg,0.0,0,-1,straight,left,False
frame_030153.jpg,0.0792236328125,1,1,right,right,True
frame_028438.jpg,0.182403564453125,1,1,right,right,True
frame_043793.jpg,0.10198974609375,1,1,right,right,True
frame_040902.jpg,0.0,0,-1,straight,left,False
frame_031086.jpg,0.0,0,1,straight,right,False
frame_033707.jpg,0.0,0,0,straight,straight,True
frame_020380.jpg,0.134246826171875,1,-1,right,left,False
frame_017107.jpg,0.053253173828125,1,0,right,straight,False
frame_011613.jpg,-0.603851318359375,-1,-1,left,left,True
frame_014501.jpg,-0.043731689453125,0,1,straight,right,False
frame_012599.jpg,-0.182952880859375,-1,-1,left,left,True
frame_047293.jpg,-0.06048583984375,-1,-1,left,left,True
frame_023227.jpg,0.0,0,0,straight,straight,True
frame_007330.jpg,0.034576416015625,0,0,straight,straight,True
frame_003360.jpg,0.0,0,0,straight,straight,True
frame_009009.jpg,0.03546142578125,0,0,straight,straight,True
frame_044188.jpg,0.0,0,0,straight,straight,True
frame_001358.jpg,0.043975830078125,0,0,straight,straight,True
frame_013181.jpg,0.120361328125,1,1,right,right,True
frame_017906.jpg,0.2296142578125,1,1,right,right,True
frame_040046.jpg,0.0,0,0,straight,straight,True
frame_041519.jpg,0.0,0,0,straight,straight,True
frame_019421.jpg,0.0,0,0,straight,straight,True
frame_019694.jpg,0.0,0,0,straight,straight,True
frame_028506.jpg,0.25115966796875,1,1,right,right,True
frame_045440.jpg,0.0,0,0,straight,straight,True
frame_010158.jpg,0.0,0,1,straight,right,False
frame_046165.jpg,-0.063232421875,-1,-1,left,left,True
frame_036577.jpg,0.036468505859375,0,-1,straight,left,False
frame_033578.jpg,0.0,0,0,straight,straight,True
frame_028348.jpg,0.063873291015625,1,1,right,right,True
frame_022809.jpg,0.0552978515625,1,-1,right,left,False
frame_022912.jpg,0.0,0,0,straight,straight,True
frame_027010.jpg,0.210784912109375,1,1,right,right,True
frame_007282.jpg,-0.041717529296875,0,0,straight,straight,True
frame_028276.jpg,0.06695556640625,1,0,right,straight,False
frame_001359.jpg,0.044952392578125,0,0,straight,straight,True
frame_033985.jpg,0.0,0,0,straight,straight,True
frame_017969.jpg,0.2218017578125,1,1,right,right,True
frame_036141.jpg,-0.20489501953125,-1,-1,left,left,True
frame_026205.jpg,0.04119873046875,0,1,straight,right,False
frame_021470.jpg,0.0,0,0,straight,straight,True
frame_035370.jpg,-0.074920654296875,-1,0,left,straight,False
frame_032725.jpg,0.149505615234375,1,1,right,right,True
frame_007665.jpg,0.0,0,0,straight,straight,True
frame_032682.jpg,0.118255615234375,1,1,right,right,True
frame_011746.jpg,0.051788330078125,1,1,right,right,True
frame_010385.jpg,0.0,0,0,straight,straight,True
frame_005848.jpg,0.2152099609375,1,1,right,right,True
frame_004660.jpg,0.0,0,0,straight,straight,True
frame_044599.jpg,-0.1038818359375,-1,-1,left,left,True
frame_045569.jpg,0.0,0,0,straight,straight,True
frame_008711.jpg,0.03765869140625,0,0,straight,straight,True
frame_001469.jpg,0.0,0,0,straight,straight,True
frame_037197.jpg,-0.07159423828125,-1,-1,left,left,True
frame_003389.jpg,0.043548583984375,0,0,straight,straight,True
frame_022403.jpg,0.0,0,0,straight,straight,True
frame_022892.jpg,-0.0360107421875,0,-1,straight,left,False
frame_000444.jpg,0.0,0,1,straight,right,False
frame_044069.jpg,0.103271484375,1,1,right,right,True
frame_003690.jpg,0.036224365234375,0,0,straight,straight,True
frame_003547.jpg,0.045654296875,0,1,straight,right,False
frame_012104.jpg,-0.049224853515625,0,-1,straight,left,False
frame_035964.jpg,0.0,0,1,straight,right,False
frame_029626.jpg,0.09332275390625,1,1,right,right,True
frame_038418.jpg,-0.07781982421875,-1,-1,left,left,True
frame_004885.jpg,0.0,0,0,straight,straight,True
frame_038247.jpg,0.05096435546875,1,0,right,straight,False
frame_002260.jpg,-0.0286865234375,0,0,straight,straight,True
frame_022471.jpg,0.0,0,0,straight,straight,True
frame_048229.jpg,-0.029083251953125,0,1,straight,right,False
frame_041128.jpg,-0.03369140625,0,0,straight,straight,True
frame_010055.jpg,0.292938232421875,1,-1,right,left,False
frame_020768.jpg,0.0,0,-1,straight,left,False
frame_002758.jpg,-0.047576904296875,0,0,straight,straight,True
frame_019168.jpg,0.031585693359375,0,0,straight,straight,True
frame_007275.jpg,-0.067779541015625,-1,0,left,straight,False
frame_035570.jpg,0.0,0,0,straight,straight,True
frame_019823.jpg,0.0,0,0,straight,straight,True
frame_014755.jpg,0.024139404296875,0,0,straight,straight,True
frame_036419.jpg,-0.248321533203125,-1,-1,left,left,True
frame_015300.jpg,0.0,0,0,straight,straight,True
frame_002207.jpg,0.062713623046875,1,1,right,right,True
frame_015342.jpg,0.0,0,-1,straight,left,False
frame_048174.jpg,-0.1337890625,-1,-1,left,left,True
frame_019866.jpg,0.0,0,0,straight,straight,True
frame_037664.jpg,0.0,0,0,straight,straight,True
frame_011094.jpg,0.0,0,0,straight,straight,True
frame_045435.jpg,0.0,0,0,straight,straight,True
frame_029037.jpg,0.0,0,0,straight,straight,True
frame_031962.jpg,0.0,0,0,straight,straight,True
frame_007633.jpg,0.0,0,0,straight,straight,True
frame_039661.jpg,-0.061126708984375,-1,-1,left,left,True
frame_018959.jpg,0.144927978515625,1,1,right,right,True
frame_029484.jpg,0.074859619140625,1,0,right,straight,False
frame_023571.jpg,0.08563232421875,1,0,right,straight,False
frame_020143.jpg,0.09332275390625,1,1,right,right,True
frame_035577.jpg,0.0,0,0,straight,straight,True
frame_022381.jpg,0.0,0,1,straight,right,False
frame_031321.jpg,0.24444580078125,1,1,right,right,True
frame_032116.jpg,-0.058013916015625,-1,-1,left,left,True
frame_020051.jpg,-0.02587890625,0,0,straight,straight,True
frame_020383.jpg,0.134246826171875,1,-1,right,left,False
frame_012333.jpg,0.0,0,-1,straight,left,False
frame_030086.jpg,0.062042236328125,1,0,right,straight,False
frame_023205.jpg,0.0,0,0,straight,straight,True
frame_008554.jpg,0.0,0,0,straight,straight,True
frame_041284.jpg,-0.0673828125,-1,-1,left,left,True
frame_044130.jpg,0.0,0,-1,straight,left,False
frame_033334.jpg,0.054229736328125,1,1,right,right,True
frame_011611.jpg,-0.59979248046875,-1,0,left,straight,False
frame_017604.jpg,0.0,0,0,straight,straight,True
frame_027949.jpg,0.255523681640625,1,1,right,right,True
frame_019062.jpg,0.052764892578125,1,1,right,right,True
frame_014446.jpg,-0.023773193359375,0,0,straight,straight,True
frame_025273.jpg,0.0,0,0,straight,straight,True
frame_001858.jpg,0.1136474609375,1,1,right,right,True
frame_028086.jpg,0.0557861328125,1,0,right,straight,False
frame_019196.jpg,0.0,0,0,straight,straight,True
frame_037186.jpg,-0.07159423828125,-1,-1,left,left,True
frame_046818.jpg,-0.026031494140625,0,0,straight,straight,True
frame_043848.jpg,-0.027069091796875,0,1,straight,right,False
frame_013142.jpg,0.203338623046875,1,1,right,right,True
frame_025157.jpg,0.1619873046875,1,0,right,straight,False
frame_014058.jpg,-0.03350830078125,0,0,straight,straight,True
frame_031829.jpg,0.091094970703125,1,1,right,right,True
frame_017698.jpg,0.0,0,0,straight,straight,True
frame_002795.jpg,-0.03125,0,0,straight,straight,True
frame_007784.jpg,0.0,0,0,straight,straight,True
frame_038295.jpg,0.0,0,0,straight,straight,True
frame_042235.jpg,0.0,0,0,straight,straight,True
frame_042794.jpg,0.0,0,0,straight,straight,True
frame_009145.jpg,-0.02008056640625,0,0,straight,straight,True
frame_022486.jpg,0.0,0,0,straight,straight,True
frame_027168.jpg,0.04571533203125,0,0,straight,straight,True
frame_018568.jpg,0.0,0,0,straight,straight,True
frame_027310.jpg,0.0,0,1,straight,right,False
frame_040583.jpg,-0.073455810546875,-1,1,left,right,False
frame_007456.jpg,0.0,0,-1,straight,left,False
frame_019887.jpg,0.0,0,0,straight,straight,True
frame_041942.jpg,-0.05975341796875,-1,-1,left,left,True
frame_022762.jpg,0.141876220703125,1,1,right,right,True
frame_035637.jpg,0.0,0,0,straight,straight,True
frame_014707.jpg,0.08258056640625,1,0,right,straight,False
frame_034780.jpg,-0.083953857421875,-1,-1,left,left,True
frame_043919.jpg,0.1392822265625,1,1,right,right,True
frame_035240.jpg,0.0,0,0,straight,straight,True
frame_017661.jpg,0.0,0,0,straight,straight,True
frame_039203.jpg,-0.1015625,-1,-1,left,left,True
frame_036014.jpg,-0.05047607421875,-1,-1,left,left,True
frame_021667.jpg,0.0,0,0,straight,straight,True
frame_028504.jpg,0.259246826171875,1,1,right,right,True
frame_031476.jpg,0.029876708984375,0,0,straight,straight,True
frame_028771.jpg,0.0,0,0,straight,straight,True
frame_009670.jpg,0.0,0,-1,straight,left,False
frame_041440.jpg,0.0,0,-1,straight,left,False
frame_034524.jpg,-0.026123046875,0,0,straight,straight,True
frame_047167.jpg,0.0,0,0,straight,straight,True
frame_013223.jpg,0.055908203125,1,0,right,straight,False
frame_032767.jpg,0.150482177734375,1,-1,right,left,False
frame_034190.jpg,-0.065216064453125,-1,-1,left,left,True
frame_021092.jpg,0.0,0,0,straight,straight,True
frame_006073.jpg,-0.0426025390625,0,0,straight,straight,True
frame_034377.jpg,-0.05108642578125,-1,1,left,right,False
frame_029184.jpg,0.187103271484375,1,1,right,right,True
frame_038465.jpg,-0.1793212890625,-1,1,left,right,False
frame_006016.jpg,0.079498291015625,1,-1,right,left,False
frame_017267.jpg,0.115692138671875,1,1,right,right,True
frame_034217.jpg,-0.168243408203125,-1,-1,left,left,True
frame_001405.jpg,0.0,0,0,straight,straight,True
frame_038429.jpg,-0.12872314453125,-1,0,left,straight,False
frame_019687.jpg,0.0,0,1,straight,right,False
frame_007725.jpg,0.0,0,0,straight,straight,True
frame_036834.jpg,0.0,0,0,straight,straight,True
frame_023648.jpg,0.156890869140625,1,0,right,straight,False
frame_031806.jpg,0.096038818359375,1,1,right,right,True
frame_029902.jpg,0.0,0,0,straight,straight,True
frame_001596.jpg,0.0,0,0,straight,straight,True
frame_038747.jpg,0.0,0,0,straight,straight,True
frame_017395.jpg,0.02960205078125,0,0,straight,straight,True
frame_001019.jpg,0.0,0,0,straight,straight,True
frame_018910.jpg,0.121673583984375,1,1,right,right,True
frame_009697.jpg,0.0,0,-1,straight,left,False
frame_042516.jpg,-0.06695556640625,-1,-1,left,left,True
frame_046402.jpg,0.045623779296875,0,0,straight,straight,True
frame_039418.jpg,0.0,0,0,straight,straight,True
frame_014087.jpg,0.0,0,0,straight,straight,True
frame_020735.jpg,0.0,0,0,straight,straight,True
frame_031809.jpg,0.09307861328125,1,1,right,right,True
frame_032946.jpg,-0.0556640625,-1,-1,left,left,True
frame_044008.jpg,0.269989013671875,1,-1,right,left,False
frame_025606.jpg,0.0,0,0,straight,straight,True
frame_006504.jpg,0.0,0,0,straight,straight,True
frame_042940.jpg,-0.140533447265625,-1,-1,left,left,True
frame_033078.jpg,0.0,0,0,straight,straight,True
frame_038446.jpg,-0.172454833984375,-1,1,left,right,False
frame_008341.jpg,0.03680419921875,0,0,straight,straight,True
frame_028800.jpg,0.0,0,0,straight,straight,True
frame_015695.jpg,0.1448974609375,1,1,right,right,True
frame_029571.jpg,0.09039306640625,1,1,right,right,True
frame_025022.jpg,0.243072509765625,1,-1,right,left,False
frame_040993.jpg,0.0,0,0,straight,straight,True
frame_007017.jpg,-0.07318115234375,-1,-1,left,left,True
frame_040980.jpg,0.0,0,0,straight,straight,True
frame_021717.jpg,0.0,0,0,straight,straight,True
frame_031907.jpg,0.0,0,0,straight,straight,True
frame_003044.jpg,0.0,0,0,straight,straight,True
frame_029207.jpg,0.09100341796875,1,1,right,right,True
frame_015717.jpg,0.1546630859375,1,1,right,right,True
frame_004169.jpg,-0.03704833984375,0,-1,straight,left,False
frame_000986.jpg,0.0,0,0,straight,straight,True
frame_018258.jpg,0.0,0,1,straight,right,False
frame_021204.jpg,0.0,0,0,straight,straight,True
frame_013867.jpg,0.20941162109375,1,0,right,straight,False
frame_030220.jpg,0.09771728515625,1,1,right,right,True
frame_033281.jpg,0.077484130859375,1,1,right,right,True
frame_003238.jpg,-0.04669189453125,0,0,straight,straight,True
frame_040935.jpg,0.051300048828125,1,0,right,straight,False
frame_034199.jpg,-0.099822998046875,-1,-1,left,left,True
frame_005142.jpg,0.0274658203125,0,0,straight,straight,True
frame_028385.jpg,-0.0296630859375,0,0,straight,straight,True
frame_046751.jpg,0.0,0,0,straight,straight,True
frame_040939.jpg,0.052276611328125,1,0,right,straight,False
frame_021274.jpg,0.0,0,0,straight,straight,True
frame_008624.jpg,0.0,0,0,straight,straight,True
frame_023673.jpg,0.13421630859375,1,-1,right,left,False
frame_047634.jpg,0.023162841796875,0,-1,straight,left,False
frame_041693.jpg,-0.031341552734375,0,0,straight,straight,True
frame_009627.jpg,-0.050567626953125,-1,1,left,right,False
frame_003840.jpg,0.081939697265625,1,1,right,right,True
frame_031171.jpg,0.0,0,0,straight,straight,True
frame_038956.jpg,0.0,0,0,straight,straight,True
frame_029291.jpg,0.026641845703125,0,1,straight,right,False
frame_024376.jpg,-0.047332763671875,0,-1,straight,left,False
frame_009821.jpg,0.0,0,0,straight,straight,True
frame_045401.jpg,0.0,0,0,straight,straight,True
frame_027312.jpg,0.0,0,0,straight,straight,True
frame_026377.jpg,0.0,0,0,straight,straight,True
frame_009091.jpg,0.0635986328125,1,-1,right,left,False
frame_002312.jpg,0.066375732421875,1,1,right,right,True
frame_024115.jpg,0.1900634765625,1,1,right,right,True
frame_012982.jpg,0.0723876953125,1,1,right,right,True
frame_023428.jpg,0.10113525390625,1,1,right,right,True
frame_022633.jpg,-0.023773193359375,0,0,straight,straight,True
frame_031626.jpg,0.0,0,1,straight,right,False
frame_002759.jpg,-0.047576904296875,0,0,straight,straight,True
frame_015628.jpg,0.04742431640625,0,1,straight,right,False
frame_023555.jpg,0.03839111328125,0,1,straight,right,False
frame_034912.jpg,0.027862548828125,0,0,straight,straight,True
frame_023543.jpg,0.0,0,1,straight,right,False
frame_037370.jpg,-0.078094482421875,-1,-1,left,left,True
frame_041219.jpg,-0.064117431640625,-1,-1,left,left,True
frame_014088.jpg,0.0,0,0,straight,straight,True
frame_033409.jpg,0.079376220703125,1,0,right,straight,False
frame_028830.jpg,0.0,0,0,straight,straight,True
frame_015276.jpg,-0.0279541015625,0,0,straight,straight,True
frame_031879.jpg,0.057525634765625,1,1,right,right,True
frame_041229.jpg,-0.073028564453125,-1,-1,left,left,True
frame_014850.jpg,0.12213134765625,1,0,right,straight,False
frame_023871.jpg,0.04644775390625,0,0,straight,straight,True
frame_011416.jpg,0.2427978515625,1,-1,right,left,False
frame_047227.jpg,-0.0328369140625,0,0,straight,straight,True
frame_013530.jpg,0.0,0,1,straight,right,False
frame_028779.jpg,0.0,0,0,straight,straight,True
frame_021232.jpg,0.0,0,0,straight,straight,True
frame_021137.jpg,0.0,0,0,straight,straight,True
frame_003762.jpg,0.09332275390625,1,1,right,right,True
frame_046415.jpg,0.0,0,1,straight,right,False
frame_005863.jpg,0.169403076171875,1,1,right,right,True
frame_001759.jpg,-0.02520751953125,0,-1,straight,left,False
frame_043441.jpg,0.0,0,0,straight,straight,True
frame_042783.jpg,0.0,0,1,straight,right,False
frame_035926.jpg,0.0,0,0,straight,straight,True
frame_022224.jpg,0.126434326171875,1,1,right,right,True
frame_016144.jpg,0.254730224609375,1,1,right,right,True
frame_013659.jpg,0.08306884765625,1,1,right,right,True
frame_002816.jpg,0.0,0,0,straight,straight,True
frame_019869.jpg,0.0,0,0,straight,straight,True
frame_032163.jpg,0.0,0,0,straight,straight,True
frame_041176.jpg,-0.04547119140625,0,0,straight,straight,True
frame_012047.jpg,-0.267974853515625,-1,-1,left,left,True
frame_017085.jpg,0.053253173828125,1,1,right,right,True
frame_047964.jpg,0.0,0,0,straight,straight,True
frame_014681.jpg,0.051483154296875,1,0,right,straight,False
frame_034007.jpg,0.0,0,-1,straight,left,False
frame_000251.jpg,0.0,0,0,straight,straight,True
frame_028928.jpg,0.024749755859375,0,0,straight,straight,True
frame_042655.jpg,0.0,0,-1,straight,left,False
frame_006192.jpg,0.0,0,0,straight,straight,True
frame_036775.jpg,-0.1822509765625,-1,0,left,straight,False
frame_011460.jpg,0.1993408203125,1,1,right,right,True
frame_041992.jpg,0.0,0,0,straight,straight,True
frame_035286.jpg,-0.046234130859375,0,0,straight,straight,True
frame_000989.jpg,0.0,0,0,straight,straight,True
frame_006409.jpg,0.045928955078125,0,0,straight,straight,True
frame_040030.jpg,0.0,0,-1,straight,left,False
frame_021207.jpg,0.0,0,0,straight,straight,True
frame_012531.jpg,0.0,0,1,straight,right,False
frame_012697.jpg,-0.332427978515625,-1,0,left,straight,False
frame_004671.jpg,0.0,0,0,straight,straight,True
frame_025390.jpg,0.089324951171875,1,0,right,straight,False
frame_010271.jpg,0.06591796875,1,1,right,right,True
frame_002853.jpg,0.03131103515625,0,0,straight,straight,True
frame_029226.jpg,0.0,0,0,straight,straight,True
frame_034207.jpg,-0.13140869140625,-1,-1,left,left,True
frame_016436.jpg,0.0,0,1,straight,right,False
frame_032762.jpg,0.150482177734375,1,1,right,right,True
frame_044109.jpg,-0.040191650390625,0,0,straight,straight,True
frame_014904.jpg,0.193450927734375,1,1,right,right,True
frame_003462.jpg,0.0477294921875,0,0,straight,straight,True
frame_046325.jpg,-0.110687255859375,-1,1,left,right,False
frame_043102.jpg,0.0,0,0,straight,straight,True
frame_028952.jpg,0.0,0,0,straight,straight,True
frame_005025.jpg,0.063995361328125,1,0,right,straight,False
frame_021118.jpg,0.0,0,0,straight,straight,True
frame_013756.jpg,0.197845458984375,1,1,right,right,True
frame_012405.jpg,0.0,0,0,straight,straight,True
frame_015386.jpg,-0.051605224609375,-1,1,left,right,False
frame_042963.jpg,-0.142486572265625,-1,-1,left,left,True
frame_015005.jpg,0.2208251953125,1,0,right,straight,False
frame_048154.jpg,-0.16021728515625,-1,-1,left,left,True
frame_034805.jpg,-0.083953857421875,-1,-1,left,left,True
frame_029752.jpg,0.026641845703125,0,1,straight,right,False
frame_022220.jpg,0.132354736328125,1,1,right,right,True
frame_041238.jpg,-0.076995849609375,-1,-1,left,left,True
frame_047465.jpg,0.057861328125,1,1,right,right,True
frame_023642.jpg,0.156890869140625,1,1,right,right,True
frame_007284.jpg,-0.03570556640625,0,0,straight,straight,True
frame_030160.jpg,0.08111572265625,1,1,right,right,True
frame_011413.jpg,0.2398681640625,1,-1,right,left,False
frame_045255.jpg,-0.057769775390625,-1,-1,left,left,True
frame_038913.jpg,0.0,0,0,straight,straight,True
frame_047664.jpg,0.0,0,0,straight,straight,True
frame_004910.jpg,0.0,0,0,straight,straight,True
frame_020760.jpg,0.0,0,0,straight,straight,True
frame_031787.jpg,0.101104736328125,1,1,right,right,True
frame_028207.jpg,-0.045135498046875,0,1,straight,right,False
frame_042924.jpg,-0.140533447265625,-1,-1,left,left,True
frame_044291.jpg,0.036651611328125,0,0,straight,straight,True
frame_034194.jpg,-0.081573486328125,-1,-1,left,left,True
frame_030218.jpg,0.09771728515625,1,1,right,right,True
frame_047531.jpg,0.0,0,0,straight,straight,True
frame_027989.jpg,0.2777099609375,1,1,right,right,True
frame_038499.jpg,-0.1793212890625,-1,-1,left,left,True
frame_028918.jpg,0.040557861328125,0,0,straight,straight,True
frame_046179.jpg,-0.08087158203125,-1,-1,left,left,True
frame_008500.jpg,0.0,0,0,straight,straight,True
frame_006317.jpg,-0.0390625,0,-1,straight,left,False
frame_040331.jpg,-0.063201904296875,-1,-1,left,left,True
frame_035845.jpg,-0.237213134765625,-1,-1,left,left,True
frame_022613.jpg,0.0,0,1,straight,right,False
frame_019262.jpg,0.024932861328125,0,0,straight,straight,True
frame_007777.jpg,0.0,0,0,straight,straight,True
frame_043788.jpg,0.130645751953125,1,1,right,right,True
frame_035529.jpg,-0.05126953125,-1,-1,left,left,True
frame_027235.jpg,-0.029571533203125,0,1,straight,right,False
frame_017356.jpg,0.26519775390625,1,1,right,right,True
frame_024199.jpg,0.0,0,0,straight,straight,True
frame_042378.jpg,-0.064178466796875,-1,-1,left,left,True
frame_020731.jpg,0.0,0,0,straight,straight,True
frame_034009.jpg,0.0,0,-1,straight,left,False
frame_023837.jpg,0.109954833984375,1,1,right,right,True
frame_024734.jpg,0.125244140625,1,1,right,right,True
frame_019997.jpg,-0.032684326171875,0,0,straight,straight,True
frame_037369.jpg,-0.079071044921875,-1,-1,left,left,True
frame_047578.jpg,0.0,0,0,straight,straight,True
frame_032297.jpg,0.0,0,0,straight,straight,True
frame_010926.jpg,-0.022430419921875,0,1,straight,right,False
frame_011425.jpg,0.2447509765625,1,-1,right,left,False
frame_004433.jpg,0.0,0,1,straight,right,False
frame_010018.jpg,0.304656982421875,1,1,right,right,True
frame_013031.jpg,0.30950927734375,1,1,right,right,True
frame_034352.jpg,-0.10546875,-1,-1,left,left,True
frame_040643.jpg,-0.05322265625,-1,-1,left,left,True
frame_028347.jpg,0.064849853515625,1,1,right,right,True
frame_015013.jpg,0.216888427734375,1,0,right,straight,False
frame_044492.jpg,-0.065521240234375,-1,0,left,straight,False
frame_004975.jpg,0.025299072265625,0,0,straight,straight,True
frame_004725.jpg,-0.046356201171875,0,0,straight,straight,True
frame_044934.jpg,-0.1959228515625,-1,-1,left,left,True
frame_021729.jpg,0.0,0,0,straight,straight,True
frame_014525.jpg,0.0,0,0,straight,straight,True
frame_001258.jpg,-0.020599365234375,0,0,straight,straight,True
frame_029697.jpg,0.0,0,0,straight,straight,True
frame_038775.jpg,0.0,0,-1,straight,left,False
frame_012868.jpg,-0.1417236328125,-1,-1,left,left,True
frame_007980.jpg,0.2437744140625,1,1,right,right,True
frame_032007.jpg,0.307098388671875,1,1,right,right,True
frame_015650.jpg,0.0,0,1,straight,right,False
frame_041781.jpg,-0.077880859375,-1,-1,left,left,True
frame_012899.jpg,-0.331207275390625,-1,-1,left,left,True
frame_031452.jpg,0.0,0,0,straight,straight,True
frame_033607.jpg,-0.02392578125,0,0,straight,straight,True
frame_019977.jpg,-0.03955078125,0,0,straight,straight,True
frame_021283.jpg,0.0,0,0,straight,straight,True
frame_016797.jpg,-0.0556640625,-1,-1,left,left,True
frame_037496.jpg,0.0,0,1,straight,right,False
frame_028388.jpg,-0.035736083984375,0,0,straight,straight,True
frame_034842.jpg,-0.056640625,-1,-1,left,left,True
frame_028720.jpg,-0.0338134765625,0,0,straight,straight,True
frame_041172.jpg,-0.04547119140625,0,0,straight,straight,True
frame_010084.jpg,0.2742919921875,1,1,right,right,True
frame_034452.jpg,-0.023773193359375,0,0,straight,straight,True
frame_037750.jpg,0.0,0,-1,straight,left,False
frame_021540.jpg,0.0,0,0,straight,straight,True
frame_039231.jpg,-0.147430419921875,-1,-1,left,left,True
frame_013647.jpg,0.07330322265625,1,1,right,right,True
frame_027361.jpg,0.0,0,0,straight,straight,True
frame_019101.jpg,0.0,0,0,straight,straight,True
frame_001088.jpg,-0.04571533203125,0,0,straight,straight,True
frame_008351.jpg,0.04058837890625,0,1,straight,right,False
frame_032953.jpg,-0.0576171875,-1,-1,left,left,True
frame_014519.jpg,0.0,0,0,straight,straight,True
frame_027265.jpg,0.0,0,-1,straight,left,False
frame_003200.jpg,0.0,0,0,straight,straight,True
frame_022202.jpg,0.147186279296875,1,1,right,right,True
frame_019589.jpg,0.0,0,0,straight,straight,True
frame_047993.jpg,-0.022979736328125,0,0,straight,straight,True
frame_034075.jpg,0.0,0,0,straight,straight,True
frame_006381.jpg,0.0,0,-1,straight,left,False
frame_011203.jpg,0.0,0,0,straight,straight,True
frame_037338.jpg,-0.06396484375,-1,0,left,straight,False
frame_010455.jpg,0.0,0,0,straight,straight,True
frame_046778.jpg,0.0,0,-1,straight,left,False
frame_033257.jpg,0.075592041015625,1,1,right,right,True
frame_009567.jpg,0.0,0,0,straight,straight,True
frame_034657.jpg,-0.0323486328125,0,-1,straight,left,False
frame_043365.jpg,-0.11822509765625,-1,-1,left,left,True
frame_038794.jpg,0.0,0,0,straight,straight,True
frame_019937.jpg,0.0,0,0,straight,straight,True
frame_015032.jpg,0.1971435546875,1,1,right,right,True
frame_012582.jpg,-0.21673583984375,-1,-1,left,left,True
frame_005686.jpg,-0.024322509765625,0,0,straight,straight,True
frame_032999.jpg,0.0,0,0,straight,straight,True
frame_026382.jpg,0.0,0,0,straight,straight,True
frame_001147.jpg,0.026397705078125,0,0,straight,straight,True
frame_030383.jpg,0.0,0,0,straight,straight,True
frame_039786.jpg,0.0,0,0,straight,straight,True
frame_035894.jpg,-0.146728515625,-1,-1,left,left,True
frame_004268.jpg,0.04693603515625,0,0,straight,straight,True
frame_046235.jpg,-0.16424560546875,-1,-1,left,left,True
frame_042368.jpg,-0.042236328125,0,-1,straight,left,False
frame_015138.jpg,-0.03253173828125,0,0,straight,straight,True
frame_039683.jpg,-0.066986083984375,-1,-1,left,left,True
frame_015425.jpg,0.080322265625,1,1,right,right,True
frame_040273.jpg,0.0,0,-1,straight,left,False
frame_019061.jpg,0.05181884765625,1,1,right,right,True
frame_046622.jpg,-0.03656005859375,0,-1,straight,left,False
frame_048328.jpg,0.0,0,0,straight,straight,True
frame_013123.jpg,0.25726318359375,1,-1,right,left,False
frame_029923.jpg,0.032257080078125,0,0,straight,straight,True
frame_045762.jpg,-0.08526611328125,-1,-1,left,left,True
frame_011200.jpg,0.0,0,1,straight,right,False
frame_002080.jpg,0.08111572265625,1,1,right,right,True
frame_007254.jpg,-0.13720703125,-1,1,left,right,False
frame_041188.jpg,-0.04644775390625,0,-1,straight,left,False
frame_037333.jpg,-0.06396484375,-1,0,left,straight,False
frame_027271.jpg,0.0,0,1,straight,right,False
frame_003550.jpg,0.04754638671875,0,1,straight,right,False
frame_002530.jpg,0.053253173828125,1,1,right,right,True
frame_010590.jpg,-0.2486572265625,-1,-1,left,left,True
frame_016771.jpg,0.02154541015625,0,0,straight,straight,True
frame_026531.jpg,0.1739501953125,1,1,right,right,True
frame_010451.jpg,0.0,0,0,straight,straight,True
frame_023232.jpg,0.0,0,0,straight,straight,True
frame_003383.jpg,0.031768798828125,0,0,straight,straight,True
frame_046918.jpg,0.0,0,0,straight,straight,True
frame_018987.jpg,0.086822509765625,1,1,right,right,True
frame_033477.jpg,0.20306396484375,1,1,right,right,True
frame_034774.jpg,-0.080963134765625,-1,-1,left,left,True
frame_034553.jpg,-0.072662353515625,-1,-1,left,left,True
frame_031714.jpg,0.0673828125,1,1,right,right,True
frame_036824.jpg,-0.028778076171875,0,0,straight,straight,True
frame_029624.jpg,0.09332275390625,1,0,right,straight,False
frame_043462.jpg,0.0,0,0,straight,straight,True
frame_026080.jpg,0.02728271484375,0,0,straight,straight,True
frame_001773.jpg,0.0,0,0,straight,straight,True
frame_002538.jpg,0.051300048828125,1,1,right,right,True
frame_019185.jpg,0.0,0,0,straight,straight,True
frame_018309.jpg,-0.037445068359375,0,1,straight,right,False
frame_048003.jpg,-0.02886962890625,0,-1,straight,left,False
frame_006169.jpg,0.0,0,1,straight,right,False
frame_014620.jpg,-0.092132568359375,-1,0,left,straight,False
frame_047325.jpg,-0.0283203125,0,1,straight,right,False
frame_039376.jpg,0.0,0,0,straight,straight,True
frame_037800.jpg,0.0,0,-1,straight,left,False
frame_017308.jpg,0.309112548828125,1,1,right,right,True
frame_027998.jpg,0.267852783203125,1,-1,right,left,False
frame_006403.jpg,0.039154052734375,0,0,straight,straight,True
frame_038317.jpg,0.0,0,0,straight,straight,True
frame_001598.jpg,0.0,0,0,straight,straight,True
frame_020870.jpg,0.0,0,0,straight,straight,True
frame_042631.jpg,0.0,0,1,straight,right,False
frame_018951.jpg,0.15576171875,1,-1,right,left,False
frame_003903.jpg,0.131256103515625,1,1,right,right,True
frame_020523.jpg,0.044189453125,0,-1,straight,left,False
frame_029539.jpg,0.06793212890625,1,1,right,right,True
frame_021705.jpg,0.0,0,0,straight,straight,True
frame_002467.jpg,0.0,0,0,straight,straight,True
frame_035233.jpg,0.0,0,0,straight,straight,True
frame_047151.jpg,0.0,0,0,straight,straight,True
frame_016190.jpg,0.30755615234375,1,1,right,right,True
frame_005779.jpg,0.190155029296875,1,1,right,right,True
frame_019721.jpg,0.0,0,0,straight,straight,True
frame_024761.jpg,0.0,0,-1,straight,left,False
frame_038695.jpg,0.0,0,-1,straight,left,False
frame_047892.jpg,-0.063934326171875,-1,-1,left,left,True
frame_003770.jpg,0.09039306640625,1,1,right,right,True
frame_024808.jpg,-0.156158447265625,-1,-1,left,left,True
frame_000323.jpg,0.044586181640625,0,1,straight,right,False
frame_042092.jpg,0.0,0,0,straight,straight,True
frame_006798.jpg,0.0,0,0,straight,straight,True
frame_043035.jpg,0.0303955078125,0,0,straight,straight,True
frame_021176.jpg,0.0,0,0,straight,straight,True
frame_000548.jpg,0.0,0,0,straight,straight,True
frame_026781.jpg,0.0,0,-1,straight,left,False
frame_001560.jpg,-0.02978515625,0,0,straight,straight,True
frame_040952.jpg,0.04437255859375,0,-1,straight,left,False
frame_038304.jpg,0.0,0,0,straight,straight,True
frame_021085.jpg,0.0,0,0,straight,straight,True
frame_006924.jpg,-0.024505615234375,0,0,straight,straight,True
frame_037670.jpg,0.0,0,-1,straight,left,False
frame_026086.jpg,0.0,0,0,straight,straight,True
frame_006868.jpg,0.0,0,0,straight,straight,True
frame_016138.jpg,0.232818603515625,1,1,right,right,True
frame_004687.jpg,0.0,0,0,straight,straight,True
frame_042845.jpg,-0.04327392578125,0,0,straight,straight,True
frame_032150.jpg,0.057281494140625,1,0,right,straight,False
frame_041711.jpg,-0.055999755859375,-1,-1,left,left,True
frame_023335.jpg,0.0,0,0,straight,straight,True
frame_007050.jpg,-0.12164306640625,-1,1,left,right,False
frame_024176.jpg,0.0635986328125,1,0,right,straight,False
frame_026391.jpg,0.0,0,0,straight,straight,True
frame_039607.jpg,-0.05224609375,-1,-1,left,left,True
frame_042958.jpg,-0.142486572265625,-1,-1,left,left,True
frame_026567.jpg,0.27215576171875,1,1,right,right,True
frame_028898.jpg,0.024017333984375,0,0,straight,straight,True
frame_047012.jpg,-0.19525146484375,-1,-1,left,left,True
frame_030410.jpg,0.0,0,-1,straight,left,False
frame_029917.jpg,0.03131103515625,0,0,straight,straight,True
frame_005730.jpg,0.08319091796875,1,1,right,right,True
frame_037230.jpg,-0.07647705078125,-1,-1,left,left,True
frame_019442.jpg,0.0,0,0,straight,straight,True
frame_016910.jpg,0.062530517578125,1,1,right,right,True
frame_000589.jpg,-0.04541015625,0,-1,straight,left,False
frame_007992.jpg,0.2437744140625,1,1,right,right,True
frame_023127.jpg,-0.035125732421875,0,-1,straight,left,False
frame_046667.jpg,0.0,0,-1,straight,left,False
frame_017674.jpg,0.0,0,0,straight,straight,True
frame_035532.jpg,-0.04931640625,0,-1,straight,left,False
frame_048051.jpg,0.0,0,0,straight,straight,True
frame_020201.jpg,0.051177978515625,1,1,right,right,True
frame_014609.jpg,-0.09686279296875,-1,-1,left,left,True
frame_036385.jpg,-0.20281982421875,-1,-1,left,left,True
frame_012650.jpg,-0.37530517578125,-1,-1,left,left,True
frame_004236.jpg,0.0,0,0,straight,straight,True
frame_003216.jpg,-0.057403564453125,-1,-1,left,left,True
frame_047002.jpg,-0.179168701171875,-1,-1,left,left,True
frame_028760.jpg,0.022705078125,0,0,straight,straight,True
frame_038472.jpg,-0.1793212890625,-1,-1,left,left,True
frame_030777.jpg,0.2579345703125,1,1,right,right,True
frame_002555.jpg,0.050323486328125,1,1,right,right,True
frame_046627.jpg,-0.045501708984375,0,-1,straight,left,False
frame_037482.jpg,0.0,0,1,straight,right,False
frame_004730.jpg,-0.046356201171875,0,0,straight,straight,True
frame_035215.jpg,0.0,0,0,straight,straight,True
frame_004694.jpg,-0.020721435546875,0,0,straight,straight,True
frame_000629.jpg,-0.04150390625,0,0,straight,straight,True
frame_025246.jpg,0.046051025390625,0,0,straight,straight,True
frame_004018.jpg,-0.045074462890625,0,0,straight,straight,True
frame_029408.jpg,0.0,0,0,straight,straight,True
frame_002333.jpg,0.099578857421875,1,1,right,right,True
frame_038675.jpg,0.0,0,1,straight,right,False
frame_017110.jpg,0.053253173828125,1,-1,right,left,False
frame_032357.jpg,0.0,0,0,straight,straight,True
frame_005087.jpg,0.063995361328125,1,1,right,right,True
frame_023414.jpg,0.069000244140625,1,-1,right,left,False
frame_007563.jpg,0.0,0,0,straight,straight,True
frame_033072.jpg,-0.021484375,0,0,straight,straight,True
frame_021336.jpg,0.0,0,0,straight,straight,True
frame_019972.jpg,-0.0325927734375,0,0,straight,straight,True
frame_034131.jpg,0.035186767578125,0,1,straight,right,False
frame_002458.jpg,0.0,0,0,straight,straight,True
frame_018389.jpg,0.052276611328125,1,1,right,right,True
frame_011904.jpg,0.0,0,0,straight,straight,True
frame_029929.jpg,0.032257080078125,0,0,straight,straight,True
frame_018612.jpg,-0.0380859375,0,0,straight,straight,True
frame_020596.jpg,0.0,0,0,straight,straight,True
frame_022887.jpg,-0.043792724609375,0,0,straight,straight,True
frame_038824.jpg,0.0,0,0,straight,straight,True
frame_018977.jpg,0.110992431640625,1,1,right,right,True
frame_020865.jpg,0.0,0,0,straight,straight,True
frame_024723.jpg,0.166046142578125,1,-1,right,left,False
frame_031544.jpg,0.0,0,0,straight,straight,True
frame_025239.jpg,0.050933837890625,1,0,right,straight,False
frame_012544.jpg,-0.052581787109375,-1,0,left,straight,False
frame_027769.jpg,0.17828369140625,1,1,right,right,True
frame_005415.jpg,0.0699462890625,1,1,right,right,True
frame_000047.jpg,0.052093505859375,1,1,right,right,True
frame_019868.jpg,0.0,0,0,straight,straight,True
frame_019043.jpg,0.022491455078125,0,0,straight,straight,True
frame_017053.jpg,0.053253173828125,1,1,right,right,True
frame_031903.jpg,0.026947021484375,0,1,straight,right,False
frame_023576.jpg,0.101593017578125,1,0,right,straight,False
frame_008780.jpg,0.2105712890625,1,1,right,right,True
frame_026104.jpg,0.0,0,1,straight,right,False
frame_043120.jpg,0.0,0,0,straight,straight,True
frame_037607.jpg,-0.048675537109375,0,-1,straight,left,False
frame_026645.jpg,0.1346435546875,1,0,right,straight,False
frame_030927.jpg,0.0,0,0,straight,straight,True
frame_043909.jpg,0.093902587890625,1,1,right,right,True
frame_005671.jpg,-0.0458984375,0,1,straight,right,False
frame_047087.jpg,-0.14056396484375,-1,-1,left,left,True
frame_004363.jpg,-0.044403076171875,0,1,straight,right,False
frame_021136.jpg,0.0,0,0,straight,straight,True
frame_041123.jpg,-0.03369140625,0,0,straight,straight,True
frame_013078.jpg,0.3099365234375,1,1,right,right,True
frame_043391.jpg,-0.026824951171875,0,0,straight,straight,True
frame_002420.jpg,0.0,0,0,straight,straight,True
frame_042320.jpg,0.033721923828125,0,0,straight,straight,True
frame_026572.jpg,0.277008056640625,1,1,right,right,True
frame_041156.jpg,-0.04156494140625,0,0,straight,straight,True
frame_044605.jpg,-0.1048583984375,-1,1,left,right,False
frame_005278.jpg,0.0870361328125,1,1,right,right,True
frame_021129.jpg,0.0,0,0,straight,straight,True
frame_005454.jpg,0.0650634765625,1,1,right,right,True
frame_013227.jpg,0.04364013671875,0,0,straight,straight,True
frame_041138.jpg,-0.03369140625,0,0,straight,straight,True
frame_047467.jpg,0.057861328125,1,1,right,right,True
frame_041419.jpg,0.0,0,0,straight,straight,True
frame_003950.jpg,0.125946044921875,1,0,right,straight,False
frame_037317.jpg,-0.06396484375,-1,-1,left,left,True
frame_003812.jpg,0.0,0,0,straight,straight,True
frame_013826.jpg,0.25164794921875,1,1,right,right,True
frame_009658.jpg,-0.02734375,0,1,straight,right,False
frame_044538.jpg,-0.065521240234375,-1,-1,left,left,True
frame_017830.jpg,0.069580078125,1,1,right,right,True
frame_041465.jpg,0.0,0,0,straight,straight,True
frame_013364.jpg,0.0,0,0,straight,straight,True
frame_038878.jpg,0.0,0,0,straight,straight,True
frame_032406.jpg,0.38653564453125,1,-1,right,left,False
frame_036183.jpg,-0.26544189453125,-1,-1,left,left,True
frame_003791.jpg,0.02886962890625,0,1,straight,right,False
frame_029838.jpg,-0.035125732421875,0,0,straight,straight,True
frame_024096.jpg,0.222869873046875,1,1,right,right,True
frame_026351.jpg,0.0,0,0,straight,straight,True
frame_033488.jpg,0.178070068359375,1,1,right,right,True
frame_044049.jpg,0.204315185546875,1,1,right,right,True
frame_047336.jpg,-0.02734375,0,1,straight,right,False
frame_028164.jpg,0.037750244140625,0,0,straight,straight,True
frame_005271.jpg,0.077423095703125,1,1,right,right,True
frame_041558.jpg,0.0,0,0,straight,straight,True
frame_029956.jpg,0.0,0,0,straight,straight,True
frame_024105.jpg,0.20892333984375,1,1,right,right,True
frame_029096.jpg,0.206695556640625,1,1,right,right,True
frame_045753.jpg,-0.10906982421875,-1,-1,left,left,True
frame_019830.jpg,0.0,0,0,straight,straight,True
frame_015074.jpg,0.1282958984375,1,0,right,straight,False
frame_036436.jpg,-0.219970703125,-1,-1,left,left,True
frame_035407.jpg,-0.087646484375,-1,-1,left,left,True
frame_019246.jpg,0.021026611328125,0,0,straight,straight,True
frame_047778.jpg,-0.072265625,-1,-1,left,left,True
frame_002335.jpg,0.099578857421875,1,1,right,right,True
frame_038352.jpg,0.0,0,0,straight,straight,True
frame_021441.jpg,0.0,0,0,straight,straight,True
frame_013935.jpg,0.0,0,0,straight,straight,True
frame_019968.jpg,-0.026611328125,0,0,straight,straight,True
frame_025614.jpg,0.0,0,0,straight,straight,True
frame_038784.jpg,0.0,0,1,straight,right,False
frame_018014.jpg,0.2052001953125,1,1,right,right,True
frame_044769.jpg,0.0,0,0,straight,straight,True
frame_027986.jpg,0.2777099609375,1,1,right,right,True
frame_028926.jpg,0.02972412109375,0,0,straight,straight,True
frame_003968.jpg,0.08905029296875,1,0,right,straight,False
frame_027928.jpg,0.19195556640625,1,0,right,straight,False
frame_008898.jpg,0.156219482421875,1,1,right,right,True
frame_025471.jpg,0.089935302734375,1,1,right,right,True
frame_038515.jpg,-0.1793212890625,-1,-1,left,left,True
frame_024053.jpg,0.270660400390625,1,1,right,right,True
frame_028298.jpg,-0.10235595703125,-1,1,left,right,False
frame_024810.jpg,-0.156158447265625,-1,-1,left,left,True
frame_026182.jpg,0.0,0,0,straight,straight,True
frame_044357.jpg,0.20867919921875,1,1,right,right,True
frame_002982.jpg,-0.04541015625,0,0,straight,straight,True
frame_024696.jpg,0.231414794921875,1,1,right,right,True
frame_002802.jpg,-0.023406982421875,0,0,straight,straight,True
frame_043396.jpg,0.0,0,0,straight,straight,True
frame_002428.jpg,0.0,0,0,straight,straight,True
frame_043447.jpg,0.0,0,0,straight,straight,True
frame_035952.jpg,0.036285400390625,0,1,straight,right,False
frame_042084.jpg,0.0,0,1,straight,right,False
frame_005174.jpg,0.0,0,0,straight,straight,True
frame_016813.jpg,-0.07147216796875,-1,-1,left,left,True
frame_007280.jpg,-0.048675537109375,0,0,straight,straight,True
frame_020473.jpg,0.051055908203125,1,0,right,straight,False
frame_029781.jpg,0.028533935546875,0,0,straight,straight,True
frame_018894.jpg,0.09722900390625,1,-1,right,left,False
frame_029411.jpg,0.0,0,1,straight,right,False
frame_022949.jpg,0.0,0,0,straight,straight,True
frame_040944.jpg,0.052276611328125,1,1,right,right,True
frame_038677.jpg,0.0,0,1,straight,right,False
frame_045108.jpg,0.022552490234375,0,0,straight,straight,True
frame_046615.jpg,0.0,0,0,straight,straight,True
frame_026574.jpg,0.277984619140625,1,1,right,right,True
frame_017975.jpg,0.2198486328125,1,1,right,right,True
frame_015568.jpg,0.159515380859375,1,1,right,right,True
frame_012785.jpg,0.0,0,0,straight,straight,True
frame_019909.jpg,0.0,0,0,straight,straight,True
frame_002675.jpg,0.040740966796875,0,0,straight,straight,True
frame_022127.jpg,0.0,0,1,straight,right,False
frame_038521.jpg,-0.1793212890625,-1,-1,left,left,True
frame_013354.jpg,0.0,0,0,straight,straight,True
frame_033476.jpg,0.20306396484375,1,-1,right,left,False
frame_031275.jpg,0.25128173828125,1,1,right,right,True
frame_023421.jpg,0.084686279296875,1,1,right,right,True
frame_012455.jpg,0.0,0,0,straight,straight,True
frame_040706.jpg,0.0,0,0,straight,straight,True
frame_038050.jpg,-0.084930419921875,-1,-1,left,left,True
frame_018257.jpg,0.0,0,-1,straight,left,False
frame_024538.jpg,0.11102294921875,1,0,right,straight,False
frame_008262.jpg,0.05926513671875,1,1,right,right,True
frame_046651.jpg,-0.02886962890625,0,1,straight,right,False
frame_032806.jpg,0.194427490234375,1,1,right,right,True
frame_048300.jpg,0.0,0,0,straight,straight,True
frame_030500.jpg,0.02056884765625,0,1,straight,right,False
frame_023486.jpg,0.04193115234375,0,0,straight,straight,True
frame_026139.jpg,-0.03021240234375,0,-1,straight,left,False
frame_034139.jpg,0.036163330078125,0,-1,straight,left,False
frame_008041.jpg,0.167022705078125,1,1,right,right,True
frame_041860.jpg,-0.0517578125,-1,-1,left,left,True
frame_045526.jpg,0.0,0,0,straight,straight,True
frame_023010.jpg,0.0,0,0,straight,straight,True
frame_028451.jpg,0.236480712890625,1,1,right,right,True
frame_036660.jpg,-0.1488037109375,-1,-1,left,left,True
frame_007180.jpg,-0.17413330078125,-1,-1,left,left,True
frame_032949.jpg,-0.0576171875,-1,0,left,straight,False
frame_025487.jpg,0.11334228515625,1,1,right,right,True
frame_007529.jpg,-0.040496826171875,0,-1,straight,left,False
frame_041206.jpg,-0.053314208984375,-1,0,left,straight,False
frame_043694.jpg,0.179840087890625,1,1,right,right,True
frame_013660.jpg,0.08404541015625,1,1,right,right,True
frame_026212.jpg,0.0509033203125,1,0,right,straight,False
frame_029442.jpg,0.062347412109375,1,-1,right,left,False
frame_000435.jpg,0.0,0,0,straight,straight,True
frame_005167.jpg,0.0,0,0,straight,straight,True
frame_044209.jpg,0.0,0,0,straight,straight,True
frame_020011.jpg,-0.02978515625,0,0,straight,straight,True
frame_045936.jpg,-0.05963134765625,-1,-1,left,left,True
frame_020813.jpg,0.026397705078125,0,0,straight,straight,True
frame_040140.jpg,0.0,0,-1,straight,left,False
frame_030039.jpg,0.0,0,1,straight,right,False
frame_000203.jpg,0.0,0,0,straight,straight,True
frame_016249.jpg,0.222625732421875,1,1,right,right,True
frame_046611.jpg,0.0,0,0,straight,straight,True
frame_038834.jpg,0.0,0,0,straight,straight,True
frame_013937.jpg,0.0,0,0,straight,straight,True
frame_043175.jpg,-0.062255859375,-1,0,left,straight,False
frame_020940.jpg,0.0,0,0,straight,straight,True
frame_012557.jpg,-0.1807861328125,-1,-1,left,left,True
frame_041618.jpg,0.0,0,0,straight,straight,True
frame_024564.jpg,0.131561279296875,1,1,right,right,True
frame_035274.jpg,-0.02032470703125,0,0,straight,straight,True
frame_013830.jpg,0.258544921875,1,1,right,right,True
frame_040434.jpg,-0.0498046875,0,-1,straight,left,False
frame_023393.jpg,0.02203369140625,0,0,straight,straight,True
frame_041119.jpg,-0.03851318359375,0,-1,straight,left,False
frame_009382.jpg,-0.054351806640625,-1,0,left,straight,False
frame_002632.jpg,-0.030975341796875,0,0,straight,straight,True
frame_022278.jpg,0.04876708984375,0,1,straight,right,False
frame_012230.jpg,0.0,0,1,straight,right,False
frame_009566.jpg,0.0,0,0,straight,straight,True
frame_037808.jpg,0.0,0,0,straight,straight,True
frame_008144.jpg,0.06549072265625,1,1,right,right,True
frame_032536.jpg,0.020416259765625,0,0,straight,straight,True
frame_021917.jpg,0.06085205078125,1,1,right,right,True
frame_041602.jpg,0.0,0,0,straight,straight,True
frame_020770.jpg,0.0,0,0,straight,straight,True
frame_028749.jpg,0.021759033203125,0,0,straight,straight,True
frame_020118.jpg,0.08258056640625,1,1,right,right,True
frame_018702.jpg,0.04986572265625,0,0,straight,straight,True
frame_012716.jpg,-0.252105712890625,-1,-1,left,left,True
frame_039595.jpg,-0.05224609375,-1,-1,left,left,True
frame_025555.jpg,0.087677001953125,1,1,right,right,True
frame_037153.jpg,-0.05987548828125,-1,-1,left,left,True
frame_019598.jpg,0.0,0,-1,straight,left,False
frame_000101.jpg,0.039398193359375,0,0,straight,straight,True
frame_041656.jpg,0.0,0,0,straight,straight,True
frame_025794.jpg,0.160919189453125,1,1,right,right,True
frame_002065.jpg,0.08111572265625,1,1,right,right,True
frame_032068.jpg,0.125885009765625,1,-1,right,left,False
frame_005882.jpg,0.131591796875,1,1,right,right,True
frame_041910.jpg,-0.056732177734375,-1,-1,left,left,True
frame_005444.jpg,0.0650634765625,1,1,right,right,True
frame_043705.jpg,0.2154541015625,1,1,right,right,True
frame_044143.jpg,0.0,0,1,straight,right,False
frame_045723.jpg,-0.02392578125,0,0,straight,straight,True
frame_032516.jpg,0.0,0,0,straight,straight,True
frame_033048.jpg,0.0,0,0,straight,straight,True
frame_028181.jpg,0.06549072265625,1,1,right,right,True
frame_039421.jpg,0.0,0,0,straight,straight,True
frame_019273.jpg,0.0,0,0,straight,straight,True
frame_037074.jpg,0.0,0,-1,straight,left,False
frame_019584.jpg,0.0,0,0,straight,straight,True
frame_002914.jpg,0.0635986328125,1,0,right,straight,False
frame_026868.jpg,0.0340576171875,0,0,straight,straight,True
frame_025371.jpg,0.11431884765625,1,0,right,straight,False
frame_000586.jpg,-0.04541015625,0,-1,straight,left,False
frame_003824.jpg,0.040130615234375,0,1,straight,right,False
frame_045850.jpg,-0.08990478515625,-1,-1,left,left,True
frame_010371.jpg,0.0,0,0,straight,straight,True
frame_005256.jpg,0.059173583984375,1,1,right,right,True
frame_014589.jpg,-0.09686279296875,-1,-1,left,left,True
frame_045974.jpg,0.0,0,0,straight,straight,True
frame_002476.jpg,0.027862548828125,0,0,straight,straight,True
frame_004415.jpg,0.0,0,1,straight,right,False
frame_015472.jpg,0.0338134765625,0,-1,straight,left,False
frame_034563.jpg,-0.064849853515625,-1,0,left,straight,False
frame_017700.jpg,0.0,0,0,straight,straight,True
frame_031109.jpg,-0.0382080078125,0,0,straight,straight,True
frame_042493.jpg,-0.06304931640625,-1,-1,left,left,True
frame_025912.jpg,0.0,0,0,straight,straight,True
frame_025783.jpg,0.2108154296875,1,1,right,right,True
frame_031900.jpg,0.032958984375,0,1,straight,right,False
frame_006518.jpg,0.0,0,0,straight,straight,True
frame_008688.jpg,-0.027069091796875,0,0,straight,straight,True
frame_042444.jpg,-0.073974609375,-1,-1,left,left,True
frame_010362.jpg,0.0,0,0,straight,straight,True
frame_024710.jpg,0.201446533203125,1,1,right,right,True
frame_001886.jpg,0.1097412109375,1,0,right,straight,False
frame_032903.jpg,0.054718017578125,1,-1,right,left,False
frame_012936.jpg,-0.101226806640625,-1,1,left,right,False
frame_037956.jpg,-0.079833984375,-1,-1,left,left,True
frame_045353.jpg,-0.07757568359375,-1,-1,left,left,True
frame_041158.jpg,-0.04254150390625,0,0,straight,straight,True
frame_002055.jpg,0.08111572265625,1,1,right,right,True
frame_005399.jpg,0.091796875,1,1,right,right,True
frame_028841.jpg,0.0,0,0,straight,straight,True
frame_040564.jpg,-0.070526123046875,-1,-1,left,left,True
frame_045022.jpg,0.0,0,0,straight,straight,True
frame_044391.jpg,0.2242431640625,1,1,right,right,True
frame_031811.jpg,0.09112548828125,1,1,right,right,True
frame_017487.jpg,-0.03082275390625,0,0,straight,straight,True
frame_026811.jpg,0.03924560546875,0,1,straight,right,False
frame_041033.jpg,-0.03253173828125,0,0,straight,straight,True
frame_003937.jpg,0.142852783203125,1,1,right,right,True
frame_036651.jpg,-0.1119384765625,-1,-1,left,left,True
frame_033045.jpg,0.0,0,0,straight,straight,True
frame_016169.jpg,0.323394775390625,1,1,right,right,True
frame_047152.jpg,0.0,0,0,straight,straight,True
frame_029121.jpg,0.2301025390625,1,1,right,right,True
frame_023075.jpg,0.0,0,0,straight,straight,True
frame_000811.jpg,0.0,0,0,straight,straight,True
frame_001728.jpg,0.0,0,0,straight,straight,True
frame_039976.jpg,0.0,0,0,straight,straight,True
frame_029298.jpg,0.034454345703125,0,1,straight,right,False
frame_014608.jpg,-0.09686279296875,-1,-1,left,left,True
frame_045364.jpg,-0.07470703125,-1,-1,left,left,True
frame_040657.jpg,-0.04736328125,0,0,straight,straight,True
frame_017182.jpg,0.053253173828125,1,0,right,straight,False
frame_044227.jpg,0.0,0,1,straight,right,False
frame_003257.jpg,0.0,0,0,straight,straight,True
frame_043479.jpg,0.0,0,0,straight,straight,True
frame_007942.jpg,0.240875244140625,1,1,right,right,True
frame_022408.jpg,0.025482177734375,0,1,straight,right,False
frame_041121.jpg,-0.03564453125,0,0,straight,straight,True
frame_022910.jpg,0.0,0,0,straight,straight,True
frame_041042.jpg,-0.03350830078125,0,-1,straight,left,False
frame_046520.jpg,-0.052154541015625,-1,-1,left,left,True
frame_045535.jpg,0.0,0,0,straight,straight,True
frame_045127.jpg,0.023223876953125,0,0,straight,straight,True
frame_035003.jpg,0.0,0,0,straight,straight,True
frame_034070.jpg,0.0,0,-1,straight,left,False
frame_021075.jpg,0.0,0,0,straight,straight,True
frame_033603.jpg,-0.02783203125,0,0,straight,straight,True
frame_019457.jpg,0.0,0,0,straight,straight,True
frame_002835.jpg,0.0,0,0,straight,straight,True
frame_013004.jpg,0.209381103515625,1,1,right,right,True
frame_030453.jpg,0.0,0,0,straight,straight,True
frame_030391.jpg,0.0,0,0,straight,straight,True
frame_038884.jpg,0.0,0,0,straight,straight,True
frame_043990.jpg,0.26715087890625,1,1,right,right,True
frame_016001.jpg,0.0,0,0,straight,straight,True
frame_007923.jpg,0.21563720703125,1,1,right,right,True
frame_021056.jpg,0.0,0,0,straight,straight,True
frame_015633.jpg,0.03350830078125,0,1,straight,right,False
frame_037479.jpg,0.0,0,1,straight,right,False
frame_015181.jpg,0.0,0,0,straight,straight,True
frame_046149.jpg,-0.0455322265625,0,-1,straight,left,False
frame_008366.jpg,0.044464111328125,0,0,straight,straight,True
frame_002390.jpg,0.0579833984375,1,0,right,straight,False
frame_004335.jpg,-0.04718017578125,0,0,straight,straight,True
frame_048291.jpg,0.0,0,0,straight,straight,True
frame_032236.jpg,0.0,0,0,straight,straight,True
frame_020333.jpg,0.09844970703125,1,1,right,right,True
frame_035509.jpg,-0.062835693359375,-1,-1,left,left,True
frame_019612.jpg,0.0,0,0,straight,straight,True
frame_031774.jpg,0.063201904296875,1,1,right,right,True
frame_047442.jpg,0.0,0,0,straight,straight,True
frame_018305.jpg,-0.037445068359375,0,-1,straight,left,False
frame_034450.jpg,-0.026702880859375,0,0,straight,straight,True
frame_002385.jpg,0.06500244140625,1,0,right,straight,False
frame_017917.jpg,0.2276611328125,1,-1,right,left,False
frame_005091.jpg,0.063995361328125,1,0,right,straight,False
frame_044039.jpg,0.244110107421875,1,0,right,straight,False
frame_044520.jpg,-0.065521240234375,-1,-1,left,left,True
frame_040203.jpg,0.0,0,-1,straight,left,False
frame_015462.jpg,0.076812744140625,1,0,right,straight,False
frame_047524.jpg,-0.021331787109375,0,-1,straight,left,False
frame_032473.jpg,-0.115814208984375,-1,-1,left,left,True
frame_016218.jpg,0.281646728515625,1,-1,right,left,False
frame_030183.jpg,0.09478759765625,1,1,right,right,True
frame_022244.jpg,0.104736328125,1,1,right,right,True
frame_028910.jpg,0.039581298828125,0,0,straight,straight,True
frame_046237.jpg,-0.167205810546875,-1,1,left,right,False
frame_028660.jpg,0.023956298828125,0,0,straight,straight,True
frame_011928.jpg,-0.052154541015625,-1,-1,left,left,True
frame_007944.jpg,0.2427978515625,1,1,right,right,True
frame_016921.jpg,0.059539794921875,1,1,right,right,True
frame_038829.jpg,0.0,0,0,straight,straight,True
frame_039023.jpg,0.0,0,0,straight,straight,True
frame_029968.jpg,0.0,0,0,straight,straight,True
frame_008991.jpg,0.07659912109375,1,1,right,right,True
frame_007103.jpg,-0.16827392578125,-1,0,left,straight,False
frame_024859.jpg,0.0,0,0,straight,straight,True
frame_023561.jpg,0.0601806640625,1,0,right,straight,False
frame_015840.jpg,0.03863525390625,0,1,straight,right,False
frame_028502.jpg,0.26531982421875,1,1,right,right,True
frame_022833.jpg,-0.026885986328125,0,-1,straight,left,False
frame_032578.jpg,0.0,0,0,straight,straight,True
frame_029019.jpg,0.0,0,0,straight,straight,True
frame_036310.jpg,0.0,0,-1,straight,left,False
frame_002229.jpg,0.050933837890625,1,0,right,straight,False
frame_029199.jpg,0.115478515625,1,1,right,right,True
frame_025199.jpg,0.0,0,1,straight,right,False
frame_036370.jpg,-0.139984130859375,-1,-1,left,left,True
frame_045658.jpg,0.0,0,0,straight,straight,True
frame_007932.jpg,0.2310791015625,1,-1,right,left,False
frame_011254.jpg,0.0,0,0,straight,straight,True
frame_032444.jpg,0.047393798828125,0,0,straight,straight,True
frame_021060.jpg,0.0,0,1,straight,right,False
frame_032518.jpg,0.0,0,0,straight,straight,True
frame_046263.jpg,-0.173065185546875,-1,-1,left,left,True
frame_024221.jpg,-0.068206787109375,-1,-1,left,left,True
frame_005114.jpg,0.05609130859375,1,1,right,right,True
frame_027522.jpg,0.057342529296875,1,1,right,right,True
frame_018493.jpg,-0.038330078125,0,-1,straight,left,False
frame_020559.jpg,0.036376953125,0,0,straight,straight,True
frame_033010.jpg,0.0,0,1,straight,right,False
frame_038103.jpg,-0.0517578125,-1,-1,left,left,True
frame_004560.jpg,-0.088226318359375,-1,0,left,straight,False
frame_007642.jpg,0.0,0,0,straight,straight,True
frame_026292.jpg,0.0,0,0,straight,straight,True
frame_001511.jpg,-0.03350830078125,0,0,straight,straight,True
frame_015066.jpg,0.1463623046875,1,1,right,right,True
frame_034071.jpg,0.0,0,-1,straight,left,False
frame_033404.jpg,0.050079345703125,1,0,right,straight,False
frame_006977.jpg,0.0,0,0,straight,straight,True
frame_029310.jpg,0.034454345703125,0,0,straight,straight,True
frame_002735.jpg,0.0,0,0,straight,straight,True
frame_045509.jpg,0.0,0,0,straight,straight,True
frame_028330.jpg,0.034820556640625,0,0,straight,straight,True
frame_036932.jpg,0.0,0,-1,straight,left,False
frame_006799.jpg,0.0,0,0,straight,straight,True
frame_007243.jpg,-0.15673828125,-1,0,left,straight,False
frame_046028.jpg,0.0,0,0,straight,straight,True
frame_034423.jpg,0.02813720703125,0,0,straight,straight,True
frame_014703.jpg,0.08258056640625,1,1,right,right,True
frame_002310.jpg,0.061492919921875,1,-1,right,left,False
frame_012067.jpg,-0.2015380859375,-1,-1,left,left,True
frame_012743.jpg,-0.185516357421875,-1,1,left,right,False
frame_018053.jpg,0.1036376953125,1,1,right,right,True
frame_035333.jpg,-0.073822021484375,-1,-1,left,left,True
frame_023615.jpg,0.14825439453125,1,1,right,right,True
frame_030094.jpg,0.062042236328125,1,1,right,right,True
frame_041476.jpg,0.0,0,0,straight,straight,True
frame_008460.jpg,0.044464111328125,0,0,straight,straight,True
frame_009042.jpg,0.0,0,0,straight,straight,True
frame_037708.jpg,0.0,0,0,straight,straight,True
frame_017475.jpg,0.0,0,0,straight,straight,True
frame_034101.jpg,0.0,0,-1,straight,left,False
frame_014339.jpg,0.042999267578125,0,1,straight,right,False
frame_023088.jpg,0.0,0,-1,straight,left,False
frame_038665.jpg,-0.02142333984375,0,0,straight,straight,True
frame_007532.jpg,-0.034637451171875,0,0,straight,straight,True
frame_032720.jpg,0.149505615234375,1,1,right,right,True
frame_045460.jpg,0.0,0,0,straight,straight,True
frame_003953.jpg,0.1219482421875,1,0,right,straight,False
frame_047835.jpg,-0.0419921875,0,0,straight,straight,True
frame_046474.jpg,0.037841796875,0,0,straight,straight,True
frame_045834.jpg,-0.07220458984375,-1,-1,left,left,True
frame_034763.jpg,-0.0760498046875,-1,-1,left,left,True
frame_030943.jpg,0.0,0,-1,straight,left,False
frame_007792.jpg,0.0,0,1,straight,right,False
frame_028595.jpg,0.0,0,0,straight,straight,True
frame_022575.jpg,0.0,0,0,straight,straight,True
frame_041089.jpg,-0.035491943359375,0,0,straight,straight,True
frame_038226.jpg,-0.042266845703125,0,0,straight,straight,True
frame_022455.jpg,0.0291748046875,0,0,straight,straight,True
frame_017057.jpg,0.053253173828125,1,1,right,right,True
frame_048022.jpg,0.0,0,0,straight,straight,True
frame_012569.jpg,-0.227783203125,-1,1,left,right,False
frame_035608.jpg,-0.025634765625,0,0,straight,straight,True
frame_012151.jpg,-0.0496826171875,0,-1,straight,left,False
frame_008316.jpg,0.03875732421875,0,1,straight,right,False
frame_047069.jpg,-0.16796875,-1,-1,left,left,True
frame_031074.jpg,0.0,0,0,straight,straight,True
frame_012602.jpg,-0.206573486328125,-1,-1,left,left,True
frame_014940.jpg,0.2247314453125,1,1,right,right,True
frame_024986.jpg,0.1025390625,1,1,right,right,True
frame_017335.jpg,0.359771728515625,1,1,right,right,True
frame_029376.jpg,-0.045562744140625,0,-1,straight,left,False
frame_037558.jpg,0.0347900390625,0,0,straight,straight,True
frame_047752.jpg,-0.0789794921875,-1,-1,left,left,True
frame_010533.jpg,0.382110595703125,1,1,right,right,True
frame_026223.jpg,0.055694580078125,1,0,right,straight,False
frame_016730.jpg,0.053497314453125,1,0,right,straight,False
frame_047388.jpg,-0.099273681640625,-1,-1,left,left,True
frame_014273.jpg,0.0,0,0,straight,straight,True
frame_035019.jpg,0.0,0,-1,straight,left,False
frame_008781.jpg,0.2105712890625,1,1,right,right,True
frame_023521.jpg,-0.03289794921875,0,0,straight,straight,True
frame_047105.jpg,-0.10211181640625,-1,-1,left,left,True
frame_009311.jpg,0.09771728515625,1,1,right,right,True
frame_027103.jpg,0.150421142578125,1,1,right,right,True
frame_014167.jpg,0.0,0,0,straight,straight,True
frame_000406.jpg,-0.04864501953125,0,0,straight,straight,True
frame_029254.jpg,0.0,0,0,straight,straight,True
frame_010975.jpg,0.0,0,0,straight,straight,True
frame_002733.jpg,0.0,0,0,straight,straight,True
frame_013092.jpg,0.28607177734375,1,1,right,right,True
frame_045155.jpg,-0.04632568359375,0,-1,straight,left,False
frame_003229.jpg,-0.057403564453125,-1,-1,left,left,True
frame_046143.jpg,-0.031646728515625,0,0,straight,straight,True
frame_007850.jpg,0.050323486328125,1,1,right,right,True
frame_046757.jpg,0.0,0,-1,straight,left,False
frame_025906.jpg,0.0,0,0,straight,straight,True
frame_036866.jpg,0.031280517578125,0,0,straight,straight,True
frame_004423.jpg,0.0,0,1,straight,right,False
frame_031827.jpg,0.091094970703125,1,1,right,right,True
frame_032820.jpg,0.152435302734375,1,1,right,right,True
frame_004262.jpg,0.03228759765625,0,0,straight,straight,True
frame_035235.jpg,0.0,0,0,straight,straight,True
frame_035040.jpg,0.0,0,0,straight,straight,True
frame_046051.jpg,0.029327392578125,0,0,straight,straight,True
frame_042243.jpg,-0.021759033203125,0,0,straight,straight,True
frame_016614.jpg,0.12213134765625,1,1,right,right,True
frame_008595.jpg,0.027374267578125,0,0,straight,straight,True
frame_000931.jpg,0.0,0,0,straight,straight,True
frame_024429.jpg,-0.076385498046875,-1,-1,left,left,True
frame_041731.jpg,-0.068756103515625,-1,-1,left,left,True
frame_043186.jpg,-0.052734375,-1,-1,left,left,True
frame_025930.jpg,0.0,0,0,straight,straight,True
frame_044175.jpg,0.0,0,0,straight,straight,True
frame_004755.jpg,0.0,0,0,straight,straight,True
frame_034791.jpg,-0.083953857421875,-1,-1,left,left,True
frame_030747.jpg,0.207489013671875,1,1,right,right,True
frame_017378.jpg,0.142120361328125,1,1,right,right,True
frame_043675.jpg,0.12896728515625,1,1,right,right,True
frame_026973.jpg,0.135162353515625,1,0,right,straight,False
frame_038372.jpg,0.0,0,0,straight,straight,True
frame_042878.jpg,-0.109130859375,-1,-1,left,left,True
frame_033137.jpg,0.063995361328125,1,1,right,right,True
frame_018762.jpg,0.06640625,1,1,right,right,True
frame_044642.jpg,-0.141845703125,-1,-1,left,left,True
frame_019177.jpg,0.0,0,0,straight,straight,True
frame_042927.jpg,-0.140533447265625,-1,-1,left,left,True
frame_030427.jpg,0.0,0,1,straight,right,False
frame_030279.jpg,0.0477294921875,0,0,straight,straight,True
frame_008018.jpg,0.211944580078125,1,1,right,right,True
frame_019148.jpg,0.033538818359375,0,0,straight,straight,True
frame_019857.jpg,0.0,0,0,straight,straight,True
frame_003180.jpg,0.036163330078125,0,-1,straight,left,False
frame_012227.jpg,0.0,0,1,straight,right,False
frame_015536.jpg,0.11370849609375,1,1,right,right,True
frame_003638.jpg,0.088104248046875,1,0,right,straight,False
frame_005498.jpg,0.086517333984375,1,1,right,right,True
frame_047246.jpg,-0.050537109375,-1,0,left,straight,False
frame_029352.jpg,0.0,0,1,straight,right,False
frame_023356.jpg,0.0,0,0,straight,straight,True
frame_007533.jpg,-0.03363037109375,0,-1,straight,left,False
frame_035746.jpg,0.0,0,0,straight,straight,True
frame_023659.jpg,0.149017333984375,1,0,right,straight,False
frame_002304.jpg,0.039703369140625,0,1,straight,right,False
frame_016363.jpg,0.07659912109375,1,1,right,right,True
frame_017115.jpg,0.053253173828125,1,1,right,right,True
frame_036429.jpg,-0.232696533203125,-1,-1,left,left,True
frame_016743.jpg,0.049591064453125,0,1,straight,right,False
frame_037841.jpg,0.0,0,0,straight,straight,True
frame_033014.jpg,0.0,0,1,straight,right,False
frame_016988.jpg,-0.03302001953125,0,0,straight,straight,True
frame_021395.jpg,0.0,0,0,straight,straight,True
frame_020182.jpg,0.051177978515625,1,1,right,right,True
frame_030617.jpg,-0.023162841796875,0,0,straight,straight,True
frame_042672.jpg,0.020050048828125,0,-1,straight,left,False
frame_034447.jpg,-0.026702880859375,0,0,straight,straight,True
frame_042309.jpg,0.033721923828125,0,0,straight,straight,True
frame_013383.jpg,0.0,0,0,straight,straight,True
frame_042095.jpg,0.0,0,1,straight,right,False
frame_010871.jpg,0.035369873046875,0,-1,straight,left,False
frame_046275.jpg,-0.16729736328125,-1,-1,left,left,True
frame_001924.jpg,0.095001220703125,1,1,right,right,True
frame_011166.jpg,0.0,0,0,straight,straight,True
frame_006434.jpg,0.052764892578125,1,0,right,straight,False
frame_029882.jpg,0.0,0,1,straight,right,False
frame_024360.jpg,0.0,0,-1,straight,left,False
frame_013919.jpg,0.0313720703125,0,0,straight,straight,True
frame_047209.jpg,0.031463623046875,0,0,straight,straight,True
frame_013358.jpg,0.0,0,0,straight,straight,True
frame_042277.jpg,0.0,0,0,straight,straight,True
frame_027436.jpg,0.07623291015625,1,1,right,right,True
frame_042389.jpg,-0.088134765625,-1,-1,left,left,True
frame_047542.jpg,0.0,0,0,straight,straight,True
frame_003628.jpg,0.08526611328125,1,1,right,right,True
frame_022672.jpg,0.0,0,1,straight,right,False
frame_040596.jpg,-0.07061767578125,-1,-1,left,left,True
frame_024385.jpg,-0.064361572265625,-1,-1,left,left,True
frame_001703.jpg,-0.0299072265625,0,0,straight,straight,True
frame_034876.jpg,-0.046875,0,1,straight,right,False
frame_014569.jpg,-0.089019775390625,-1,-1,left,left,True
frame_006933.jpg,-0.035308837890625,0,0,straight,straight,True
frame_014054.jpg,-0.03350830078125,0,0,straight,straight,True
frame_007493.jpg,-0.061859130859375,-1,0,left,straight,False
frame_020060.jpg,0.0,0,0,straight,straight,True
frame_026926.jpg,0.02008056640625,0,1,straight,right,False
frame_034354.jpg,-0.103515625,-1,-1,left,left,True
frame_028922.jpg,0.036651611328125,0,0,straight,straight,True
frame_001124.jpg,0.0,0,0,straight,straight,True
frame_035759.jpg,-0.041046142578125,0,0,straight,straight,True
frame_045637.jpg,0.0,0,0,straight,straight,True
frame_041883.jpg,-0.048828125,0,0,straight,straight,True
frame_000124.jpg,0.034515380859375,0,0,straight,straight,True
frame_019512.jpg,0.0,0,0,straight,straight,True
frame_022277.jpg,0.04876708984375,0,1,straight,right,False
frame_028118.jpg,0.0,0,0,straight,straight,True
frame_037897.jpg,-0.046173095703125,0,-1,straight,left,False
frame_039339.jpg,-0.10400390625,-1,0,left,straight,False
frame_037556.jpg,0.037750244140625,0,0,straight,straight,True
frame_047261.jpg,-0.061279296875,-1,-1,left,left,True
frame_046418.jpg,0.0,0,1,straight,right,False
frame_036959.jpg,0.0,0,0,straight,straight,True
frame_016832.jpg,-0.06463623046875,-1,0,left,straight,False
frame_000009.jpg,0.039276123046875,0,0,straight,straight,True
frame_007794.jpg,0.0,0,0,straight,straight,True
frame_006285.jpg,-0.047576904296875,0,0,straight,straight,True
frame_023541.jpg,0.0,0,1,straight,right,False
frame_002338.jpg,0.099578857421875,1,1,right,right,True
frame_003234.jpg,-0.051483154296875,-1,-1,left,left,True
frame_042250.jpg,-0.024688720703125,0,0,straight,straight,True
frame_013684.jpg,0.081085205078125,1,1,right,right,True
frame_036648.jpg,-0.097381591796875,-1,-1,left,left,True
frame_043435.jpg,0.0,0,0,straight,straight,True
frame_006397.jpg,0.026397705078125,0,0,straight,straight,True
frame_024233.jpg,-0.092041015625,-1,-1,left,left,True
frame_007478.jpg,-0.06182861328125,-1,-1,left,left,True
frame_017542.jpg,0.0,0,0,straight,straight,True
frame_037219.jpg,-0.07647705078125,-1,-1,left,left,True
frame_022798.jpg,0.093048095703125,1,1,right,right,True
frame_026853.jpg,0.083892822265625,1,0,right,straight,False
frame_048361.jpg,0.0,0,-1,straight,left,False
frame_004273.jpg,0.051788330078125,1,0,right,straight,False
frame_004160.jpg,-0.02117919921875,0,-1,straight,left,False
frame_037660.jpg,0.0,0,1,straight,right,False
frame_005029.jpg,0.063995361328125,1,-1,right,left,False
frame_007840.jpg,0.049346923828125,0,1,straight,right,False
frame_048077.jpg,-0.116363525390625,-1,-1,left,left,True
frame_000027.jpg,0.07086181640625,1,1,right,right,True
frame_037231.jpg,-0.07647705078125,-1,-1,left,left,True
frame_044261.jpg,0.0,0,0,straight,straight,True
frame_042232.jpg,0.0,0,0,straight,straight,True
frame_022434.jpg,0.042999267578125,0,0,straight,straight,True
frame_017240.jpg,0.06591796875,1,1,right,right,True
frame_000474.jpg,0.0,0,-1,straight,left,False
frame_037392.jpg,0.0,0,0,straight,straight,True
frame_030647.jpg,0.0,0,0,straight,straight,True
frame_035881.jpg,-0.196075439453125,-1,-1,left,left,True
frame_017362.jpg,0.23028564453125,1,-1,right,left,False
frame_027422.jpg,0.0506591796875,1,1,right,right,True
frame_046706.jpg,0.033233642578125,0,1,straight,right,False
frame_018134.jpg,0.0,0,0,straight,straight,True
frame_004380.jpg,-0.044403076171875,0,1,straight,right,False
frame_045410.jpg,0.0,0,0,straight,straight,True
frame_040265.jpg,0.024993896484375,0,0,straight,straight,True
frame_009153.jpg,-0.041107177734375,0,-1,straight,left,False
frame_037550.jpg,0.045654296875,0,0,straight,straight,True
frame_022927.jpg,0.0,0,0,straight,straight,True
frame_017815.jpg,0.024688720703125,0,1,straight,right,False
frame_011743.jpg,0.05584716796875,1,1,right,right,True
frame_023611.jpg,0.14825439453125,1,1,right,right,True
frame_012430.jpg,0.0,0,0,straight,straight,True
frame_006524.jpg,0.0,0,0,straight,straight,True
frame_047222.jpg,-0.020904541015625,0,0,straight,straight,True
frame_023831.jpg,0.1129150390625,1,1,right,right,True
frame_034603.jpg,-0.03076171875,0,0,straight,straight,True
frame_039286.jpg,-0.171356201171875,-1,-1,left,left,True
frame_029524.jpg,0.0650634765625,1,0,right,straight,False
frame_000223.jpg,0.0,0,0,straight,straight,True
frame_040599.jpg,-0.069671630859375,-1,0,left,straight,False
frame_000591.jpg,-0.04638671875,0,0,straight,straight,True
frame_045595.jpg,0.0,0,0,straight,straight,True
frame_020214.jpg,0.056884765625,1,1,right,right,True
frame_046663.jpg,0.0,0,-1,straight,left,False
frame_020564.jpg,0.036376953125,0,0,straight,straight,True
frame_027121.jpg,0.1246337890625,1,1,right,right,True
frame_024192.jpg,0.0306396484375,0,0,straight,straight,True
frame_029566.jpg,0.09039306640625,1,1,right,right,True
frame_038270.jpg,0.028778076171875,0,0,straight,straight,True
frame_011451.jpg,0.2288818359375,1,1,right,right,True
frame_026733.jpg,0.107513427734375,1,1,right,right,True
frame_007915.jpg,0.20098876953125,1,1,right,right,True
frame_027661.jpg,-0.040802001953125,0,0,straight,straight,True
frame_025566.jpg,0.05694580078125,1,1,right,right,True
frame_034281.jpg,-0.172637939453125,-1,-1,left,left,True
frame_027119.jpg,0.1256103515625,1,1,right,right,True
frame_010707.jpg,-0.53277587890625,-1,-1,left,left,True
frame_007022.jpg,-0.085205078125,-1,1,left,right,False
frame_043154.jpg,-0.06707763671875,-1,-1,left,left,True
frame_042148.jpg,0.0,0,1,straight,right,False
frame_013855.jpg,0.251251220703125,1,1,right,right,True
frame_033848.jpg,0.023712158203125,0,0,straight,straight,True
frame_012079.jpg,-0.144134521484375,-1,-1,left,left,True
frame_037998.jpg,-0.0711669921875,-1,-1,left,left,True
frame_025521.jpg,0.11431884765625,1,1,right,right,True
frame_022534.jpg,0.035430908203125,0,0,straight,straight,True
frame_043263.jpg,-0.088104248046875,-1,-1,left,left,True
frame_028880.jpg,0.0,0,0,straight,straight,True
frame_029031.jpg,0.0,0,0,straight,straight,True
frame_033593.jpg,-0.028778076171875,0,1,straight,right,False
frame_002851.jpg,0.02740478515625,0,0,straight,straight,True
frame_013190.jpg,0.111480712890625,1,1,right,right,True
frame_032765.jpg,0.150482177734375,1,0,right,straight,False
frame_028241.jpg,0.0,0,0,straight,straight,True
frame_046555.jpg,0.0,0,-1,straight,left,False
frame_035895.jpg,-0.143829345703125,-1,-1,left,left,True
frame_014260.jpg,0.0,0,0,straight,straight,True
frame_001805.jpg,0.03619384765625,0,0,straight,straight,True
frame_009325.jpg,0.09771728515625,1,0,right,straight,False
frame_031505.jpg,0.0,0,0,straight,straight,True
frame_007432.jpg,0.040008544921875,0,0,straight,straight,True
frame_001699.jpg,-0.0299072265625,0,0,straight,straight,True
frame_028364.jpg,0.03802490234375,0,1,straight,right,False
frame_009956.jpg,0.072723388671875,1,0,right,straight,False
frame_039006.jpg,0.0,0,0,straight,straight,True
frame_045767.jpg,-0.07159423828125,-1,-1,left,left,True
frame_007609.jpg,0.0,0,0,straight,straight,True
frame_041964.jpg,-0.04443359375,0,0,straight,straight,True
frame_028121.jpg,0.0,0,-1,straight,left,False
frame_002316.jpg,0.076141357421875,1,1,right,right,True
frame_042049.jpg,0.0,0,0,straight,straight,True
frame_021368.jpg,0.0,0,0,straight,straight,True
frame_030659.jpg,0.020538330078125,0,0,straight,straight,True
frame_001725.jpg,0.0,0,0,straight,straight,True
frame_000361.jpg,-0.02703857421875,0,0,straight,straight,True
frame_016981.jpg,-0.039703369140625,0,0,straight,straight,True
frame_003070.jpg,0.0,0,0,straight,straight,True
frame_024739.jpg,0.10968017578125,1,1,right,right,True
frame_044924.jpg,-0.165130615234375,-1,-1,left,left,True
frame_007168.jpg,-0.17413330078125,-1,-1,left,left,True
frame_043997.jpg,0.26715087890625,1,1,right,right,True
frame_047895.jpg,-0.05804443359375,-1,-1,left,left,True
frame_035771.jpg,-0.072021484375,-1,0,left,straight,False
frame_041947.jpg,-0.057861328125,-1,-1,left,left,True
frame_007882.jpg,0.1036376953125,1,1,right,right,True
frame_003819.jpg,0.021270751953125,0,0,straight,straight,True
frame_025131.jpg,0.261199951171875,1,1,right,right,True
frame_036990.jpg,0.0,0,0,straight,straight,True
frame_016858.jpg,-0.03759765625,0,1,straight,right,False
frame_017645.jpg,0.0,0,0,straight,straight,True
frame_026210.jpg,0.047027587890625,0,0,straight,straight,True
frame_021545.jpg,0.0,0,0,straight,straight,True
frame_000155.jpg,0.0,0,0,straight,straight,True
frame_012718.jpg,-0.246246337890625,-1,-1,left,left,True
frame_018239.jpg,0.0,0,1,straight,right,False
frame_021190.jpg,0.0,0,0,straight,straight,True
frame_013494.jpg,0.0,0,0,straight,straight,True
frame_021026.jpg,0.0,0,0,straight,straight,True
frame_022769.jpg,0.149566650390625,1,-1,right,left,False
frame_044475.jpg,0.0,0,0,straight,straight,True
frame_024562.jpg,0.12762451171875,1,1,right,right,True
frame_005875.jpg,0.1475830078125,1,1,right,right,True
frame_035028.jpg,0.027374267578125,0,0,straight,straight,True
frame_000685.jpg,0.024444580078125,0,0,straight,straight,True
frame_017836.jpg,0.0865478515625,1,1,right,right,True
frame_044062.jpg,0.142852783203125,1,1,right,right,True
frame_036718.jpg,-0.17626953125,-1,1,left,right,False
frame_015516.jpg,0.058197021484375,1,1,right,right,True
frame_027843.jpg,0.142791748046875,1,1,right,right,True
frame_038935.jpg,0.0,0,0,straight,straight,True
frame_000183.jpg,0.0,0,0,straight,straight,True
frame_016762.jpg,0.037628173828125,0,0,straight,straight,True
frame_018719.jpg,0.062530517578125,1,1,right,right,True
frame_004291.jpg,0.045928955078125,0,0,straight,straight,True
frame_030811.jpg,0.219757080078125,1,-1,right,left,False
frame_018477.jpg,-0.0245361328125,0,-1,straight,left,False
frame_028581.jpg,0.0,0,0,straight,straight,True
frame_005446.jpg,0.0650634765625,1,1,right,right,True
frame_014980.jpg,0.2208251953125,1,1,right,right,True
frame_009981.jpg,0.21856689453125,1,-1,right,left,False
frame_013751.jpg,0.18817138671875,1,1,right,right,True
frame_029364.jpg,-0.02874755859375,0,-1,straight,left,False
frame_028383.jpg,-0.024688720703125,0,0,straight,straight,True
frame_023225.jpg,0.0,0,0,straight,straight,True
frame_022820.jpg,0.0213623046875,0,1,straight,right,False
frame_029107.jpg,0.2232666015625,1,1,right,right,True
frame_012833.jpg,0.175506591796875,1,1,right,right,True
frame_025141.jpg,0.242462158203125,1,1,right,right,True
frame_003804.jpg,0.0,0,0,straight,straight,True
frame_010132.jpg,0.096282958984375,1,0,right,straight,False
frame_044346.jpg,0.18719482421875,1,1,right,right,True
frame_036485.jpg,-0.17138671875,-1,-1,left,left,True
frame_038227.jpg,-0.042266845703125,0,0,straight,straight,True
frame_018921.jpg,0.1431884765625,1,1,right,right,True
frame_047212.jpg,0.0,0,0,straight,straight,True
frame_025545.jpg,0.1014404296875,1,1,right,right,True
frame_047198.jpg,0.041534423828125,0,0,straight,straight,True
frame_047575.jpg,0.0,0,-1,straight,left,False
frame_043355.jpg,-0.150909423828125,-1,-1,left,left,True
frame_034689.jpg,-0.04620361328125,0,0,straight,straight,True
frame_005462.jpg,0.0650634765625,1,1,right,right,True
frame_013655.jpg,0.08209228515625,1,0,right,straight,False
frame_011102.jpg,0.0,0,0,straight,straight,True
frame_044053.jpg,0.187896728515625,1,1,right,right,True
frame_032712.jpg,0.149505615234375,1,1,right,right,True
frame_047486.jpg,0.0,0,0,straight,straight,True
frame_034261.jpg,-0.210845947265625,-1,-1,left,left,True
frame_008457.jpg,0.044464111328125,0,0,straight,straight,True
frame_037268.jpg,-0.06396484375,-1,-1,left,left,True
frame_023826.jpg,0.1129150390625,1,0,right,straight,False
frame_028511.jpg,0.220001220703125,1,1,right,right,True
frame_018070.jpg,0.029937744140625,0,0,straight,straight,True
frame_005930.jpg,0.12799072265625,1,1,right,right,True
frame_020767.jpg,0.0,0,0,straight,straight,True
frame_018827.jpg,0.088531494140625,1,1,right,right,True
frame_034225.jpg,-0.188232421875,-1,-1,left,left,True
frame_008675.jpg,-0.02313232421875,0,0,straight,straight,True
frame_031803.jpg,0.098968505859375,1,1,right,right,True
frame_021356.jpg,0.0,0,0,straight,straight,True
frame_027631.jpg,0.0,0,0,straight,straight,True
frame_014735.jpg,0.05889892578125,1,1,right,right,True
frame_011382.jpg,0.12298583984375,1,-1,right,left,False
frame_023262.jpg,0.021514892578125,0,0,straight,straight,True
frame_032160.jpg,0.022430419921875,0,0,straight,straight,True
frame_002137.jpg,0.05914306640625,1,1,right,right,True
frame_011340.jpg,0.027862548828125,0,0,straight,straight,True
frame_000848.jpg,0.0,0,0,straight,straight,True
frame_003345.jpg,0.0,0,0,straight,straight,True
frame_005227.jpg,0.033721923828125,0,0,straight,straight,True
frame_017680.jpg,0.0,0,0,straight,straight,True
frame_018281.jpg,0.0,0,-1,straight,left,False
frame_047643.jpg,0.0,0,0,straight,straight,True
frame_027423.jpg,0.0545654296875,1,1,right,right,True
frame_006776.jpg,0.0,0,0,straight,straight,True
frame_000020.jpg,0.06695556640625,1,1,right,right,True
frame_023054.jpg,0.0,0,0,straight,straight,True
frame_019326.jpg,0.0,0,0,straight,straight,True
frame_047014.jpg,-0.198211669921875,-1,-1,left,left,True
frame_018359.jpg,0.04254150390625,0,1,straight,right,False
frame_031108.jpg,-0.0382080078125,0,1,straight,right,False
frame_039559.jpg,-0.05419921875,-1,-1,left,left,True
frame_021867.jpg,0.059112548828125,1,1,right,right,True
frame_028089.jpg,0.06463623046875,1,1,right,right,True
frame_023376.jpg,0.0,0,0,straight,straight,True
frame_044037.jpg,0.25225830078125,1,1,right,right,True
frame_042040.jpg,0.0,0,0,straight,straight,True
frame_019703.jpg,0.0,0,0,straight,straight,True
frame_036625.jpg,-0.02587890625,0,0,straight,straight,True
frame_016221.jpg,0.27557373046875,1,1,right,right,True
frame_034764.jpg,-0.0760498046875,-1,-1,left,left,True
frame_023906.jpg,-0.024810791015625,0,1,straight,right,False
frame_031172.jpg,0.0,0,0,straight,straight,True
frame_036558.jpg,0.048370361328125,0,-1,straight,left,False
frame_028428.jpg,0.12841796875,1,1,right,right,True
frame_024489.jpg,0.079437255859375,1,1,right,right,True
frame_024170.jpg,0.078521728515625,1,1,right,right,True
frame_015699.jpg,0.15777587890625,1,1,right,right,True
frame_045599.jpg,0.0,0,0,straight,straight,True
frame_035760.jpg,-0.044036865234375,0,0,straight,straight,True
frame_029230.jpg,0.0,0,0,straight,straight,True
frame_030384.jpg,0.0,0,0,straight,straight,True
frame_041833.jpg,-0.072174072265625,-1,-1,left,left,True
frame_036085.jpg,-0.0947265625,-1,1,left,right,False
frame_022536.jpg,0.032440185546875,0,0,straight,straight,True
frame_007299.jpg,0.0,0,0,straight,straight,True
frame_007092.jpg,-0.16827392578125,-1,1,left,right,False
frame_038164.jpg,-0.05792236328125,-1,0,left,straight,False
frame_045809.jpg,-0.084686279296875,-1,-1,left,left,True
frame_046141.jpg,-0.026611328125,0,1,straight,right,False
frame_010809.jpg,-0.15313720703125,-1,-1,left,left,True
frame_035002.jpg,0.0,0,-1,straight,left,False
frame_034021.jpg,0.0,0,-1,straight,left,False
frame_013820.jpg,0.2427978515625,1,1,right,right,True
frame_003270.jpg,0.0,0,0,straight,straight,True
frame_036544.jpg,0.023681640625,0,-1,straight,left,False
frame_025046.jpg,0.231353759765625,1,-1,right,left,False
frame_042500.jpg,-0.06597900390625,-1,-1,left,left,True
frame_033912.jpg,0.0,0,0,straight,straight,True
frame_045800.jpg,-0.083709716796875,-1,-1,left,left,True
frame_013878.jpg,0.154815673828125,1,1,right,right,True
frame_012643.jpg,-0.379150390625,-1,-1,left,left,True
frame_033327.jpg,0.06817626953125,1,1,right,right,True
frame_038493.jpg,-0.1793212890625,-1,-1,left,left,True
frame_043319.jpg,-0.1708984375,-1,-1,left,left,True
frame_004333.jpg,-0.04522705078125,0,0,straight,straight,True
frame_036643.jpg,-0.076019287109375,-1,1,left,right,False
frame_029905.jpg,0.0,0,0,straight,straight,True
frame_027785.jpg,0.17333984375,1,1,right,right,True
frame_019257.jpg,0.024932861328125,0,0,straight,straight,True
frame_023164.jpg,0.0,0,0,straight,straight,True
frame_026813.jpg,0.043182373046875,0,0,straight,straight,True
frame_029267.jpg,-0.039154052734375,0,0,straight,straight,True
frame_025803.jpg,0.13311767578125,1,0,right,straight,False
frame_044705.jpg,-0.12744140625,-1,-1,left,left,True
frame_045645.jpg,0.0,0,0,straight,straight,True
frame_007133.jpg,-0.17413330078125,-1,-1,left,left,True
frame_021512.jpg,0.0,0,0,straight,straight,True
frame_043170.jpg,-0.06707763671875,-1,-1,left,left,True
frame_045018.jpg,-0.030059814453125,0,1,straight,right,False
frame_036748.jpg,-0.17041015625,-1,-1,left,left,True
frame_036360.jpg,-0.102874755859375,-1,0,left,straight,False
frame_023033.jpg,0.0,0,0,straight,straight,True
frame_021360.jpg,0.0,0,1,straight,right,False
frame_024149.jpg,0.133270263671875,1,1,right,right,True
frame_019298.jpg,0.0,0,0,straight,straight,True
frame_028912.jpg,0.040557861328125,0,0,straight,straight,True
frame_046405.jpg,0.033416748046875,0,0,straight,straight,True
frame_031709.jpg,0.062530517578125,1,1,right,right,True
frame_018833.jpg,0.0806884765625,1,1,right,right,True
frame_048376.jpg,0.0,0,-1,straight,left,False
frame_019143.jpg,0.0325927734375,0,0,straight,straight,True
frame_023234.jpg,0.0,0,0,straight,straight,True
frame_033232.jpg,0.10650634765625,1,1,right,right,True
frame_048108.jpg,-0.259796142578125,-1,-1,left,left,True
frame_042072.jpg,0.0,0,0,straight,straight,True
frame_021261.jpg,0.0,0,0,straight,straight,True
frame_012084.jpg,-0.123382568359375,-1,-1,left,left,True
frame_014903.jpg,0.1905517578125,1,1,right,right,True
frame_021468.jpg,0.0,0,0,straight,straight,True
frame_007147.jpg,-0.17413330078125,-1,0,left,straight,False
frame_002903.jpg,0.0635986328125,1,1,right,right,True
frame_026192.jpg,0.025482177734375,0,1,straight,right,False
frame_026524.jpg,0.141448974609375,1,1,right,right,True
frame_040524.jpg,-0.0743408203125,-1,-1,left,left,True
frame_046478.jpg,0.04656982421875,0,0,straight,straight,True
frame_035937.jpg,0.035400390625,0,1,straight,right,False
frame_022337.jpg,0.091522216796875,1,1,right,right,True
frame_004848.jpg,0.049224853515625,0,1,straight,right,False
frame_004054.jpg,0.0,0,0,straight,straight,True
frame_004408.jpg,-0.023895263671875,0,0,straight,straight,True
frame_014661.jpg,0.0,0,0,straight,straight,True
frame_027167.jpg,0.04669189453125,0,0,straight,straight,True
frame_002778.jpg,-0.043792724609375,0,1,straight,right,False
frame_008788.jpg,0.2154541015625,1,1,right,right,True
frame_008557.jpg,0.0,0,0,straight,straight,True
frame_004566.jpg,-0.06317138671875,-1,-1,left,left,True
frame_024138.jpg,0.155181884765625,1,1,right,right,True
frame_034322.jpg,-0.12890625,-1,-1,left,left,True
frame_007260.jpg,-0.119476318359375,-1,-1,left,left,True
frame_042362.jpg,-0.027313232421875,0,-1,straight,left,False
frame_024364.jpg,0.0,0,-1,straight,left,False
frame_026582.jpg,0.278961181640625,1,1,right,right,True
frame_000267.jpg,0.0,0,0,straight,straight,True
frame_035465.jpg,-0.071380615234375,-1,-1,left,left,True
frame_017004.jpg,0.0,0,0,straight,straight,True
frame_033922.jpg,0.0,0,1,straight,right,False
frame_010842.jpg,0.0,0,-1,straight,left,False
frame_046194.jpg,-0.111846923828125,-1,-1,left,left,True
frame_020197.jpg,0.051177978515625,1,1,right,right,True
frame_039684.jpg,-0.066986083984375,-1,-1,left,left,True
frame_026288.jpg,0.0,0,0,straight,straight,True
frame_007945.jpg,0.2427978515625,1,1,right,right,True
frame_027577.jpg,-0.05072021484375,-1,-1,left,left,True
frame_038067.jpg,-0.081024169921875,-1,-1,left,left,True
frame_007569.jpg,0.0,0,0,straight,straight,True
frame_015579.jpg,0.18389892578125,1,1,right,right,True
frame_002488.jpg,0.046417236328125,0,0,straight,straight,True
frame_027748.jpg,0.209716796875,1,-1,right,left,False
frame_005833.jpg,0.2291259765625,1,1,right,right,True
frame_026055.jpg,0.029388427734375,0,0,straight,straight,True
frame_021630.jpg,0.0,0,0,straight,straight,True
frame_027135.jpg,0.1015625,1,1,right,right,True
frame_036817.jpg,-0.072967529296875,-1,-1,left,left,True
frame_043135.jpg,-0.038818359375,0,-1,straight,left,False
frame_028913.jpg,0.040557861328125,0,0,straight,straight,True
frame_030756.jpg,0.2249755859375,1,1,right,right,True
frame_023027.jpg,0.0,0,0,straight,straight,True
frame_014842.jpg,0.10845947265625,1,1,right,right,True
frame_018474.jpg,0.0,0,-1,straight,left,False
frame_017005.jpg,0.0,0,0,straight,straight,True
frame_033384.jpg,0.0,0,0,straight,straight,True
frame_028036.jpg,0.135589599609375,1,1,right,right,True
frame_027964.jpg,0.271942138671875,1,1,right,right,True
frame_043948.jpg,0.2408447265625,1,1,right,right,True
frame_032221.jpg,0.041595458984375,0,0,straight,straight,True
frame_003853.jpg,0.111297607421875,1,1,right,right,True
frame_019763.jpg,0.0,0,0,straight,straight,True
frame_015698.jpg,0.153839111328125,1,1,right,right,True
frame_041271.jpg,-0.0673828125,-1,-1,left,left,True
frame_035513.jpg,-0.062835693359375,-1,-1,left,left,True
frame_041817.jpg,-0.0731201171875,-1,-1,left,left,True
frame_029674.jpg,0.0,0,0,straight,straight,True
frame_023970.jpg,0.17755126953125,1,1,right,right,True
frame_046484.jpg,0.0484619140625,0,0,straight,straight,True
frame_037546.jpg,0.04962158203125,0,0,straight,straight,True
frame_035853.jpg,-0.237213134765625,-1,-1,left,left,True
frame_043094.jpg,0.0,0,0,straight,straight,True
frame_009140.jpg,0.0,0,-1,straight,left,False
frame_016986.jpg,-0.034942626953125,0,0,straight,straight,True
frame_037467.jpg,0.0,0,1,straight,right,False
frame_028320.jpg,0.0,0,0,straight,straight,True
frame_005612.jpg,-0.047607421875,0,0,straight,straight,True
frame_005489.jpg,0.07867431640625,1,1,right,right,True
frame_011729.jpg,0.07257080078125,1,0,right,straight,False
frame_041880.jpg,-0.048828125,0,-1,straight,left,False
frame_040444.jpg,-0.0498046875,0,-1,straight,left,False
frame_048356.jpg,0.0,0,0,straight,straight,True
frame_023372.jpg,0.0,0,0,straight,straight,True
frame_016966.jpg,-0.040679931640625,0,0,straight,straight,True
frame_007604.jpg,0.0,0,0,straight,straight,True
frame_027163.jpg,0.054656982421875,1,1,right,right,True
frame_010703.jpg,-0.547821044921875,-1,-1,left,left,True
frame_026830.jpg,0.0782470703125,1,0,right,straight,False
frame_019635.jpg,0.0,0,0,straight,straight,True
frame_038736.jpg,0.0,0,-1,straight,left,False
frame_027140.jpg,0.0966796875,1,1,right,right,True
frame_045616.jpg,0.0,0,0,straight,straight,True
frame_017316.jpg,0.348388671875,1,0,right,straight,False
frame_014618.jpg,-0.094024658203125,-1,-1,left,left,True
frame_030578.jpg,0.0,0,1,straight,right,False
frame_028757.jpg,0.022705078125,0,0,straight,straight,True
frame_009302.jpg,0.0899658203125,1,1,right,right,True
frame_030483.jpg,0.0,0,0,straight,straight,True
frame_032852.jpg,-0.0362548828125,0,0,straight,straight,True
frame_045693.jpg,0.0,0,0,straight,straight,True
frame_035067.jpg,0.0,0,0,straight,straight,True
frame_037838.jpg,0.0,0,-1,straight,left,False
frame_029716.jpg,0.0,0,0,straight,straight,True
frame_040527.jpg,-0.0743408203125,-1,-1,left,left,True
frame_019028.jpg,0.0,0,0,straight,straight,True
frame_010989.jpg,0.0,0,-1,straight,left,False
frame_008528.jpg,0.0,0,0,straight,straight,True
frame_036200.jpg,-0.167510986328125,-1,-1,left,left,True
frame_024430.jpg,-0.076385498046875,-1,-1,left,left,True
frame_033791.jpg,0.0,0,-1,straight,left,False
frame_038764.jpg,0.0,0,0,straight,straight,True
frame_035269.jpg,0.0,0,0,straight,straight,True
frame_041095.jpg,-0.039398193359375,0,-1,straight,left,False
frame_014726.jpg,0.07470703125,1,1,right,right,True
frame_024755.jpg,0.046478271484375,0,0,straight,straight,True
frame_037802.jpg,0.0,0,-1,straight,left,False
frame_044194.jpg,0.0,0,0,straight,straight,True
frame_029655.jpg,0.0335693359375,0,1,straight,right,False
frame_014343.jpg,0.043975830078125,0,0,straight,straight,True
frame_012802.jpg,0.129302978515625,1,-1,right,left,False
frame_047029.jpg,-0.211883544921875,-1,-1,left,left,True
frame_041994.jpg,0.0,0,1,straight,right,False
frame_013897.jpg,0.071685791015625,1,1,right,right,True
frame_039946.jpg,0.0,0,0,straight,straight,True
frame_024825.jpg,-0.123046875,-1,-1,left,left,True
frame_045492.jpg,0.0,0,0,straight,straight,True
frame_042392.jpg,-0.0950927734375,-1,-1,left,left,True
frame_044580.jpg,-0.085174560546875,-1,1,left,right,False
frame_011061.jpg,0.0,0,0,straight,straight,True
frame_000802.jpg,0.0,0,0,straight,straight,True
frame_039773.jpg,0.0,0,0,straight,straight,True
frame_004400.jpg,-0.03271484375,0,0,straight,straight,True
frame_024502.jpg,0.114013671875,1,1,right,right,True
frame_021795.jpg,0.0,0,0,straight,straight,True
frame_017159.jpg,0.053253173828125,1,1,right,right,True
frame_023424.jpg,0.093414306640625,1,1,right,right,True
frame_007214.jpg,-0.17413330078125,-1,-1,left,left,True
frame_024782.jpg,-0.092803955078125,-1,-1,left,left,True
frame_021320.jpg,-0.02923583984375,0,0,straight,straight,True
frame_047154.jpg,0.0,0,0,straight,straight,True
frame_030562.jpg,0.0,0,0,straight,straight,True
frame_003933.jpg,0.142852783203125,1,1,right,right,True
frame_000188.jpg,0.0,0,0,straight,straight,True
frame_034204.jpg,-0.120269775390625,-1,-1,left,left,True
frame_025394.jpg,0.080413818359375,1,0,right,straight,False
frame_028071.jpg,0.0,0,0,straight,straight,True
frame_021824.jpg,0.0,0,0,straight,straight,True
frame_007333.jpg,0.034576416015625,0,0,straight,straight,True
frame_021098.jpg,0.0,0,0,straight,straight,True
frame_010436.jpg,0.0,0,1,straight,right,False
frame_039910.jpg,0.0,0,0,straight,straight,True
frame_033140.jpg,0.066864013671875,1,1,right,right,True
frame_013957.jpg,0.0,0,0,straight,straight,True
frame_001425.jpg,0.0,0,0,straight,straight,True
frame_001060.jpg,-0.046661376953125,0,-1,straight,left,False
frame_032045.jpg,0.17376708984375,1,1,right,right,True
frame_039753.jpg,0.0,0,1,straight,right,False
frame_035794.jpg,-0.17535400390625,-1,-1,left,left,True
frame_006008.jpg,0.104736328125,1,1,right,right,True
frame_008157.jpg,0.08013916015625,1,0,right,straight,False
frame_025967.jpg,0.0,0,0,straight,straight,True
frame_007847.jpg,0.049346923828125,0,0,straight,straight,True
frame_039181.jpg,-0.075927734375,-1,1,left,right,False
frame_002019.jpg,0.06268310546875,1,1,right,right,True
frame_033605.jpg,-0.02587890625,0,-1,straight,left,False
frame_025992.jpg,-0.0252685546875,0,0,straight,straight,True
frame_009139.jpg,0.0,0,-1,straight,left,False
frame_017717.jpg,0.0,0,0,straight,straight,True
frame_000807.jpg,0.0,0,0,straight,straight,True
frame_011336.jpg,0.022003173828125,0,0,straight,straight,True
frame_005253.jpg,0.054229736328125,1,1,right,right,True
frame_031724.jpg,0.088226318359375,1,1,right,right,True
frame_021848.jpg,0.02886962890625,0,1,straight,right,False
frame_037310.jpg,-0.06396484375,-1,-1,left,left,True
frame_044953.jpg,-0.231048583984375,-1,-1,left,left,True
frame_020875.jpg,0.0,0,0,straight,straight,True
frame_035035.jpg,0.0,0,0,straight,straight,True
frame_013267.jpg,0.0,0,-1,straight,left,False
frame_042263.jpg,-0.024688720703125,0,0,straight,straight,True
frame_028802.jpg,0.0,0,0,straight,straight,True
frame_019781.jpg,0.0,0,0,straight,straight,True
frame_033661.jpg,0.0,0,0,straight,straight,True
frame_025184.jpg,0.0,0,0,straight,straight,True
frame_030935.jpg,0.0,0,0,straight,straight,True
frame_037790.jpg,0.0,0,1,straight,right,False
frame_015092.jpg,0.065521240234375,1,0,right,straight,False
frame_046198.jpg,-0.1158447265625,-1,-1,left,left,True
frame_007678.jpg,0.0,0,0,straight,straight,True
frame_014379.jpg,0.037139892578125,0,1,straight,right,False
frame_011831.jpg,0.0,0,0,straight,straight,True
frame_023073.jpg,0.0,0,0,straight,straight,True
frame_020790.jpg,0.0,0,0,straight,straight,True
frame_026630.jpg,0.17474365234375,1,1,right,right,True
frame_019488.jpg,0.0,0,0,straight,straight,True
frame_041281.jpg,-0.0673828125,-1,-1,left,left,True
frame_042124.jpg,0.0,0,1,straight,right,False
frame_046461.jpg,0.0,0,0,straight,straight,True
frame_024822.jpg,-0.1318359375,-1,-1,left,left,True
frame_043736.jpg,0.27423095703125,1,-1,right,left,False
frame_025254.jpg,0.0372314453125,0,1,straight,right,False
frame_046202.jpg,-0.120758056640625,-1,-1,left,left,True
frame_037721.jpg,0.0,0,0,straight,straight,True
frame_046499.jpg,0.0,0,0,straight,straight,True
frame_028618.jpg,0.0,0,0,straight,straight,True
frame_000955.jpg,0.0,0,0,straight,straight,True
frame_015793.jpg,0.0,0,1,straight,right,False
frame_022300.jpg,0.06329345703125,1,1,right,right,True
frame_026335.jpg,0.0,0,0,straight,straight,True
frame_039243.jpg,-0.170257568359375,-1,1,left,right,False
frame_025825.jpg,0.065673828125,1,1,right,right,True
frame_022680.jpg,0.0,0,1,straight,right,False
frame_044536.jpg,-0.065521240234375,-1,-1,left,left,True
frame_042430.jpg,-0.08172607421875,-1,0,left,straight,False
frame_043854.jpg,0.0,0,-1,straight,left,False
frame_009169.jpg,-0.058074951171875,-1,0,left,straight,False
frame_030759.jpg,0.231781005859375,1,-1,right,left,False
frame_015189.jpg,0.0,0,0,straight,straight,True
frame_022942.jpg,0.0,0,-1,straight,left,False
frame_038580.jpg,0.0,0,0,straight,straight,True
frame_045505.jpg,0.0,0,0,straight,straight,True
frame_019375.jpg,0.0,0,1,straight,right,False
frame_022347.jpg,0.0736083984375,1,1,right,right,True
frame_044916.jpg,-0.1375732421875,-1,-1,left,left,True
frame_029740.jpg,0.0,0,1,straight,right,False
frame_006267.jpg,-0.047576904296875,0,0,straight,straight,True
frame_036335.jpg,0.0,0,-1,straight,left,False
frame_010151.jpg,0.0245361328125,0,-1,straight,left,False
frame_048070.jpg,-0.07635498046875,-1,-1,left,left,True
frame_004951.jpg,0.0,0,0,straight,straight,True
frame_017615.jpg,0.0,0,0,straight,straight,True
frame_011682.jpg,-0.099395751953125,-1,-1,left,left,True
frame_043166.jpg,-0.06707763671875,-1,-1,left,left,True
frame_012926.jpg,-0.177825927734375,-1,-1,left,left,True
frame_037879.jpg,0.0,0,0,straight,straight,True
frame_027165.jpg,0.0506591796875,1,1,right,right,True
frame_016932.jpg,0.035308837890625,0,0,straight,straight,True
frame_047564.jpg,0.0,0,0,straight,straight,True
frame_002238.jpg,0.03387451171875,0,0,straight,straight,True
frame_026110.jpg,0.0,0,0,straight,straight,True
frame_044694.jpg,-0.14208984375,-1,-1,left,left,True
frame_040718.jpg,0.0,0,0,straight,straight,True
frame_004369.jpg,-0.044403076171875,0,0,straight,straight,True
frame_004651.jpg,0.0,0,0,straight,straight,True
frame_009612.jpg,-0.05816650390625,-1,0,left,straight,False
frame_030398.jpg,0.0,0,1,straight,right,False
frame_006419.jpg,0.049835205078125,0,0,straight,straight,True
frame_029961.jpg,0.0,0,0,straight,straight,True
frame_042910.jpg,-0.139556884765625,-1,-1,left,left,True
frame_023504.jpg,0.0,0,0,straight,straight,True
frame_015602.jpg,0.1217041015625,1,0,right,straight,False
frame_039094.jpg,0.0,0,0,straight,straight,True
frame_016603.jpg,0.11822509765625,1,1,right,right,True
frame_035946.jpg,0.041168212890625,0,1,straight,right,False
frame_004829.jpg,0.059112548828125,1,1,right,right,True
frame_045286.jpg,-0.051971435546875,-1,1,left,right,False
frame_019599.jpg,0.0,0,0,straight,straight,True
frame_015942.jpg,0.0,0,0,straight,straight,True
frame_011734.jpg,0.07061767578125,1,0,right,straight,False
frame_047710.jpg,-0.065948486328125,-1,0,left,straight,False
frame_026206.jpg,0.04119873046875,0,1,straight,right,False
frame_020516.jpg,0.051055908203125,1,-1,right,left,False
frame_037094.jpg,0.0,0,0,straight,straight,True
frame_040078.jpg,0.0,0,0,straight,straight,True
frame_022167.jpg,0.07574462890625,1,1,right,right,True
frame_035819.jpg,-0.237213134765625,-1,-1,left,left,True
frame_033460.jpg,0.20306396484375,1,1,right,right,True
frame_010332.jpg,0.05023193359375,1,-1,right,left,False
frame_016277.jpg,0.16058349609375,1,1,right,right,True
frame_044829.jpg,0.0,0,0,straight,straight,True
frame_025888.jpg,0.0,0,0,straight,straight,True
frame_041920.jpg,-0.0616455078125,-1,-1,left,left,True
frame_041750.jpg,-0.08367919921875,-1,-1,left,left,True
frame_011188.jpg,0.0,0,0,straight,straight,True
frame_032750.jpg,0.150482177734375,1,1,right,right,True
frame_014156.jpg,0.0,0,-1,straight,left,False
frame_007542.jpg,0.0,0,0,straight,straight,True
frame_030610.jpg,-0.0269775390625,0,-1,straight,left,False
frame_003540.jpg,0.038909912109375,0,0,straight,straight,True
frame_016308.jpg,0.0,0,0,straight,straight,True
frame_025836.jpg,0.028533935546875,0,0,straight,straight,True
frame_046979.jpg,-0.100738525390625,-1,-1,left,left,True
frame_039811.jpg,0.0,0,1,straight,right,False
frame_010679.jpg,-0.566314697265625,-1,-1,left,left,True
frame_001933.jpg,0.094024658203125,1,1,right,right,True
frame_004489.jpg,0.12554931640625,1,1,right,right,True
frame_015708.jpg,0.165618896484375,1,1,right,right,True
frame_002013.jpg,0.061737060546875,1,1,right,right,True
frame_028762.jpg,0.020721435546875,0,0,straight,straight,True
frame_034161.jpg,0.045928955078125,0,0,straight,straight,True
frame_034690.jpg,-0.04620361328125,0,0,straight,straight,True
frame_023498.jpg,0.0,0,0,straight,straight,True
frame_008720.jpg,0.0653076171875,1,1,right,right,True
frame_018196.jpg,0.0,0,0,straight,straight,True
frame_033279.jpg,0.074554443359375,1,1,right,right,True
frame_001763.jpg,-0.02520751953125,0,0,straight,straight,True
frame_013117.jpg,0.2733154296875,1,-1,right,left,False
frame_017877.jpg,0.2091064453125,1,1,right,right,True
frame_001601.jpg,0.0,0,0,straight,straight,True
frame_021094.jpg,0.0,0,0,straight,straight,True
frame_027409.jpg,0.0,0,1,straight,right,False
frame_031876.jpg,0.060546875,1,1,right,right,True
frame_001916.jpg,0.095977783203125,1,1,right,right,True
frame_002245.jpg,0.0,0,0,straight,straight,True
frame_003761.jpg,0.09332275390625,1,1,right,right,True
frame_026181.jpg,0.0,0,0,straight,straight,True
frame_001380.jpg,0.034088134765625,0,0,straight,straight,True
frame_017721.jpg,0.0,0,0,straight,straight,True
frame_038156.jpg,-0.063629150390625,-1,0,left,straight,False
frame_011769.jpg,0.0,0,-1,straight,left,False
frame_003956.jpg,0.117034912109375,1,0,right,straight,False
frame_017047.jpg,0.053253173828125,1,1,right,right,True
frame_000206.jpg,0.0,0,0,straight,straight,True
frame_025337.jpg,0.02593994140625,0,1,straight,right,False
frame_014746.jpg,0.04412841796875,0,1,straight,right,False
frame_045074.jpg,-0.033416748046875,0,-1,straight,left,False
frame_018215.jpg,0.0,0,1,straight,right,False
frame_039416.jpg,0.0,0,0,straight,straight,True
frame_029693.jpg,0.0,0,0,straight,straight,True
frame_042034.jpg,0.0,0,0,straight,straight,True
frame_014193.jpg,0.028350830078125,0,1,straight,right,False
frame_020432.jpg,0.100830078125,1,1,right,right,True
frame_031823.jpg,0.091094970703125,1,1,right,right,True
frame_008918.jpg,0.151336669921875,1,1,right,right,True
frame_048097.jpg,-0.235565185546875,-1,-1,left,left,True
frame_035149.jpg,0.0,0,0,straight,straight,True
frame_035198.jpg,0.0,0,0,straight,straight,True
frame_046644.jpg,-0.043609619140625,0,0,straight,straight,True
frame_007911.jpg,0.19415283203125,1,1,right,right,True
frame_023976.jpg,0.204559326171875,1,1,right,right,True
frame_019312.jpg,0.0,0,0,straight,straight,True
frame_041956.jpg,-0.05120849609375,-1,-1,left,left,True
frame_020425.jpg,0.10772705078125,1,-1,right,left,False
frame_025822.jpg,0.076873779296875,1,1,right,right,True
frame_013590.jpg,0.0,0,0,straight,straight,True
frame_040689.jpg,0.0,0,0,straight,straight,True
frame_046647.jpg,-0.038726806640625,0,0,straight,straight,True
frame_021226.jpg,0.0,0,0,straight,straight,True
frame_001939.jpg,0.094024658203125,1,1,right,right,True
frame_028484.jpg,0.27337646484375,1,1,right,right,True
frame_023104.jpg,0.0,0,-1,straight,left,False
frame_008573.jpg,0.0,0,0,straight,straight,True
frame_008095.jpg,0.0804443359375,1,1,right,right,True
frame_006950.jpg,-0.039215087890625,0,0,straight,straight,True
frame_010426.jpg,0.0,0,0,straight,straight,True
frame_000379.jpg,-0.04473876953125,0,0,straight,straight,True
frame_012443.jpg,0.0,0,1,straight,right,False
frame_040817.jpg,0.0,0,0,straight,straight,True
frame_001477.jpg,0.0,0,0,straight,straight,True
frame_038725.jpg,0.0,0,1,straight,right,False
